Player,Season,Team,Position,GP,TOI,G,A1,A2,Points,iSF,iFF,iCF,ixG,Sh%,FSh%,xFSh%,iBLK,GIVE,TAKE,iHF,iHA,iPENT2,iPEND2,iPENT5,iPEND5,iPEN±,FOW,FOL,FO±
Aaron Ekblad,20-21,FLA,D,35,878.18,11,5,6,22,101,144,193,6.81,10.89,7.64,4.73,27,22,11,24,46,14,8,1,1,-6,0,0,0
Adam Boqvist,20-21,CHI,D,35,594.65,2,2,12,16,39,52,83,2.84,5.13,3.85,5.46,29,21,7,29,47,8,11,0,0,3,0,0,0
Adam Brooks,20-21,TOR,C,11,117.45,4,0,1,5,10,10,14,1.21,40,40,12.1,2,4,4,14,20,0,1,0,0,1,7,10,-3
Adam Erne,20-21,DET,L,45,626.45,11,3,6,20,71,91,105,7.87,15.49,12.09,8.65,16,6,10,82,27,8,2,2,2,-6,20,14,6
Adam Fox,20-21,NYR,D,55,1358.85,5,19,23,47,102,139,181,5.79,4.9,3.6,4.17,102,36,38,23,65,7,5,0,0,-2,0,1,-1
Adam Gaudette,20-21,CHI/VAN,C,40,444.85,5,3,3,11,66,91,109,7.62,7.58,5.49,8.37,22,6,9,16,36,6,7,0,0,1,53,71,-18
Adam Henrique,20-21,ANA,C,45,721.8,12,6,3,21,77,102,129,7.96,15.58,11.76,7.8,32,20,11,40,30,3,6,1,1,3,303,244,59
Adam Larsson,20-21,EDM,D,56,1100.25,4,2,4,10,52,92,130,2.27,7.69,4.35,2.47,128,42,12,166,88,12,4,0,0,-8,1,0,1
Adam Lowry,20-21,WPG,L,52,807.35,10,7,7,24,80,108,137,9.51,12.5,9.26,8.81,30,13,16,161,82,4,9,1,1,5,361,354,7
Adam Pelech,20-21,NYI,D,56,1178.6,4,5,5,14,82,123,180,4.04,4.88,3.25,3.28,73,46,25,66,92,9,6,0,0,-3,0,0,0
Adrian Kempe,20-21,L.A,L,56,948.22,14,13,2,29,127,174,238,12.06,11.02,8.05,6.93,21,20,15,47,54,14,8,0,0,-6,27,41,-14
Alec Martinez,20-21,VGK,D,53,1195.98,9,9,14,32,85,122,183,6.78,10.59,7.38,5.56,168,26,12,44,107,6,1,0,0,-5,0,0,0
Aleksander Barkov,20-21,FLA,C,50,1046.87,26,25,7,58,176,221,261,20.21,14.77,11.76,9.14,37,23,39,31,81,7,16,0,0,9,563,463,100
Aleksi Heponiemi,20-21,FLA,C,9,110.13,1,0,1,2,15,19,21,1.89,6.67,5.26,9.95,1,3,6,0,6,1,2,0,0,1,0,0,0
Alex Barabanov,20-21,S.J/TOR,L,22,270.87,3,2,3,8,23,30,42,2.98,13.04,10,9.93,14,9,9,7,25,3,3,0,0,0,0,0,0
Alex Barre-Boulet,20-21,T.B,C,15,228.78,3,0,0,3,26,37,47,3.11,11.54,8.11,8.41,5,4,4,8,10,0,0,0,0,0,1,3,-2
Alex Biega,20-21,DET,D,13,138.6,0,2,1,3,4,9,18,0.14,0,0,1.56,11,4,0,22,10,2,2,0,0,0,0,0,0
Alex Carrier,20-21,NSH,D,19,380.9,1,1,1,3,31,48,68,1.91,3.23,2.08,3.98,31,9,10,22,33,4,5,0,0,1,0,0,0
Alex Chiasson,20-21,EDM,R,45,561.78,9,3,4,16,65,85,99,9.7,13.85,10.59,11.41,7,10,13,40,51,4,1,3,2,-4,2,3,-1
Alex Debrincat,20-21,CHI,R,52,1067.07,32,14,10,56,155,199,268,19.57,20.65,16.08,9.83,22,43,31,70,89,6,18,0,0,12,16,24,-8
Alex Edler,20-21,VAN,D,52,1087.13,0,5,3,8,99,132,177,2.35,0,0,1.78,118,26,13,80,113,19,8,2,1,-12,0,0,0
Alex Formenton,20-21,OTT,L,20,239.88,4,1,1,6,27,33,39,2.86,14.81,12.12,8.67,8,6,11,23,14,3,5,0,0,2,1,4,-3
Alex Galchenyuk,20-21,OTT/TOR,C,34,432.02,5,5,3,13,62,87,100,7.02,8.06,5.75,8.07,10,16,6,44,53,10,5,0,0,-5,3,3,0
Alex Goligoski,20-21,ARI,D,56,1288.37,3,7,12,22,72,94,157,2.99,4.17,3.19,3.18,108,33,14,76,80,7,8,0,0,1,0,0,0
Alex Iafallo,20-21,L.A,L,55,1093.8,13,10,7,30,119,159,191,14.67,10.92,8.18,9.23,39,9,15,26,57,2,6,0,0,4,2,5,-3
Alex Kerfoot,20-21,TOR,C,56,808.88,8,8,7,23,68,92,118,9.13,11.76,8.7,9.92,34,30,17,41,118,6,10,0,0,4,124,180,-56
Alex Killorn,20-21,T.B,C,56,1001.6,15,11,7,33,121,165,204,13.9,12.4,9.09,8.42,12,10,14,59,50,16,13,1,1,-3,1,2,-1
Alex Newhook,20-21,COL,C,6,82.07,0,1,2,3,8,16,21,1.36,0,0,8.5,1,0,2,3,7,1,1,0,0,0,16,21,-5
Alex Ovechkin,20-21,WSH,L,45,877.58,24,11,7,42,182,265,351,18,13.19,9.06,6.79,23,20,11,98,27,6,13,0,0,7,0,2,-2
Alex Pietrangelo,20-21,VGK,D,41,1001.73,7,7,9,23,126,183,278,6.89,5.56,3.83,3.77,80,22,23,28,87,8,8,0,0,0,0,0,0
Alex Radulov,20-21,DAL,R,11,195.68,4,6,2,12,25,34,45,3.51,16,11.76,10.32,5,6,3,4,13,3,3,0,0,0,1,1,0
Alex Romanov,20-21,MTL,D,54,931.83,1,3,2,6,71,113,191,2.48,1.41,0.88,2.19,60,49,8,138,148,8,7,1,1,-1,0,0,0
Alex Texier,20-21,CBJ,C,49,776.13,4,6,5,15,75,104,141,5.7,5.33,3.85,5.48,19,13,24,49,37,11,11,0,0,0,128,228,-100
Alex True,20-21,S.J,C,7,69.93,0,1,0,1,7,9,10,0.73,0,0,8.11,5,1,2,4,13,3,2,0,0,-1,18,30,-12
Alex Tuch,20-21,VGK,R,55,925.45,18,11,4,33,142,200,242,18.76,12.68,9,9.38,36,18,39,52,76,14,16,0,0,2,12,20,-8
Alex Volkov,20-21,ANA/T.B,R,37,431,7,1,5,13,35,43,51,4.68,20,16.28,10.88,26,5,11,36,46,3,3,0,0,0,2,3,-1
Alex Wennberg,20-21,FLA,C,56,1017.35,17,7,5,29,82,105,133,9.48,20.73,16.19,9.03,36,22,30,29,75,4,12,0,0,8,388,400,-12
Alexis Lafrenière,20-21,NYR,L,56,777.42,12,6,3,21,67,94,115,8.08,17.91,12.77,8.6,11,18,15,43,65,4,6,0,0,2,13,18,-5
Anders Bjork,20-21,BOS/BUF,L,45,624.68,5,4,2,11,41,62,83,3.86,12.2,8.06,6.23,13,13,25,48,50,7,6,0,0,-1,0,1,-1
Anders Lee,20-21,NYI,C,27,473.2,12,5,2,19,80,99,117,9.59,15,12.12,9.69,13,9,7,39,37,6,7,0,0,1,63,65,-2
Andre Burakovsky,20-21,COL,L,53,799.88,19,15,10,44,102,133,180,9.56,18.63,14.29,7.19,16,24,16,22,69,5,7,0,0,2,2,2,0
Andreas Athanasiou,20-21,L.A,C,47,702.62,10,9,4,23,85,116,153,8.47,11.76,8.62,7.3,16,10,18,11,48,6,12,3,3,6,4,0,4
Andreas Borgman,20-21,T.B,D,7,83.72,0,0,2,2,7,12,23,0.36,0,0,3,3,3,2,10,16,2,2,0,0,0,0,0,0
Andreas Johnsson,20-21,N.J,L,50,696.7,5,4,2,11,65,87,104,6.97,7.69,5.75,8.01,17,13,23,39,51,7,8,0,0,1,11,17,-6
Andrei Svechnikov,20-21,CAR,R,55,964.65,15,13,14,42,147,202,288,19.9,10.2,7.43,9.85,18,45,23,114,93,23,18,0,0,-5,2,4,-2
Andrej Sekera,20-21,DAL,D,46,719.43,3,1,1,5,33,45,76,1.35,9.09,6.67,3,62,20,8,47,53,2,1,0,0,-1,0,0,0
Andrew Cogliano,20-21,DAL,C,54,752.02,5,4,2,11,88,119,156,7.54,5.68,4.2,6.34,24,10,12,79,54,8,12,2,2,4,4,11,-7
Andrew Copp,20-21,WPG,C,55,1003.77,15,13,11,39,115,146,177,15.44,13.04,10.27,10.58,41,25,22,67,51,10,13,0,0,3,123,109,14
Andrew Mangiapane,20-21,CGY,L,56,933.42,18,12,2,32,91,130,169,13,19.78,13.85,10,33,18,40,51,48,12,11,0,0,-1,2,15,-13
Andrew Peeke,20-21,CBJ,D,11,188.68,0,0,3,3,5,9,13,0.28,0,0,3.11,15,6,5,35,16,2,1,0,0,-1,0,0,0
Andrew Shaw,20-21,CHI,C,14,211.55,2,2,0,4,25,30,39,2.19,8,6.67,7.3,4,3,3,20,21,3,5,0,0,2,30,26,4
Andy Andreoff,20-21,PHI,C,6,51.65,0,0,0,0,2,4,4,0.05,0,0,1.25,1,0,1,14,2,2,0,1,1,-2,15,9,6
Andy Greene,20-21,NYI,D,55,966.78,1,2,2,5,50,78,125,1.87,2,1.28,2.4,99,19,6,41,75,3,1,0,0,-2,0,0,0
Andy Welinski,20-21,ANA,D,13,195.33,0,0,0,0,16,25,35,0.4,0,0,1.6,7,7,2,14,9,0,1,0,0,1,0,0,0
Anthony Angello,20-21,PIT,C,19,151.68,2,2,0,4,19,22,27,1.06,10.53,9.09,4.82,2,1,1,51,22,4,1,0,0,-3,0,0,0
Anthony Beauvillier,20-21,NYI,L,47,770.85,15,6,7,28,109,142,174,11.72,13.76,10.56,8.25,13,27,15,39,62,6,9,0,0,3,2,5,-3
Anthony Bitetto,20-21,NYR,D,14,202.17,1,1,2,4,12,17,25,0.5,8.33,5.88,2.94,10,3,2,21,26,5,3,2,2,-2,0,0,0
Anthony Cirelli,20-21,T.B,C,50,887.35,9,4,9,22,75,97,111,9.26,12,9.28,9.55,32,19,21,64,66,5,13,0,0,8,227,235,-8
Anthony Duclair,20-21,FLA,L,43,674.43,10,14,8,32,104,130,167,12.37,9.62,7.69,9.52,9,15,11,32,49,9,16,0,0,7,0,2,-2
Anthony Mantha,20-21,DET/WSH,R,56,1014.93,15,10,4,29,138,186,236,11.72,10.87,8.06,6.3,27,30,11,49,39,10,9,1,2,0,18,23,-5
Antoine Roussel,20-21,VAN,L,35,402.7,1,3,0,4,28,41,49,3.14,3.57,2.44,7.66,18,14,9,63,43,11,4,1,1,-7,2,2,0
Anton Blidh,20-21,BOS,L,10,107.73,1,0,0,1,10,16,18,0.62,10,6.25,3.88,4,2,1,25,10,3,0,0,0,-3,0,2,-2
Anton Stralman,20-21,FLA,D,38,720.08,3,2,4,9,38,55,80,1.81,7.89,5.45,3.29,30,20,13,37,55,4,4,0,0,0,0,0,0
Anze Kopitar,20-21,L.A,C,56,1186.23,13,24,13,50,118,162,216,12.71,11.02,8.02,7.85,37,34,12,45,51,5,11,0,0,6,661,493,168
Artem Anisimov,20-21,OTT,C,19,228.48,2,4,3,9,30,44,56,2.93,6.67,4.55,6.66,9,7,4,9,16,1,0,0,0,-1,36,52,-16
Artem Zub,20-21,OTT,D,47,863.97,3,6,5,14,39,55,85,1.48,7.69,5.45,2.69,70,36,8,89,100,13,5,0,0,-8,0,0,0
Artemi Panarin,20-21,NYR,C,42,825,17,25,16,58,106,165,222,11.23,16.04,10.3,6.81,7,26,21,13,21,3,9,0,0,6,0,3,-3
Arttu Ruotsalainen,20-21,BUF,C,17,237.68,5,1,0,6,28,35,46,2.55,17.86,14.29,7.29,4,5,4,16,14,4,3,0,0,-1,4,6,-2
Artturi Lehkonen,20-21,MTL,L,47,630.92,7,2,4,13,78,100,128,6.8,8.97,7,6.8,23,13,3,85,64,3,8,0,0,5,5,8,-3
Austin Strand,20-21,L.A,D,13,180.05,0,0,1,1,11,19,27,0.52,0,0,2.74,15,1,2,14,17,4,1,0,0,-3,0,0,0
Austin Wagner,20-21,L.A,L,44,462.03,4,3,1,8,67,87,100,5.57,5.97,4.6,6.4,10,6,5,97,46,5,10,1,1,5,0,2,-2
Austin Watson,20-21,OTT,L,34,408.08,3,3,4,10,41,59,79,3.19,7.32,5.08,5.41,49,11,5,100,30,5,7,6,6,2,6,17,-11
Auston Matthews,20-21,TOR,C,52,1120.77,41,15,10,66,222,315,366,27.27,18.47,13.02,8.66,47,53,47,57,65,5,14,0,0,9,450,417,33
Barclay Goodrow,20-21,T.B,C,55,831.63,6,6,8,20,72,90,104,8.39,8.33,6.67,9.32,27,12,16,111,75,16,6,4,4,-10,162,162,0
Barrett Hayton,20-21,ARI,C,14,160.85,2,0,1,3,10,16,20,0.9,20,12.5,5.62,3,4,4,15,14,0,3,0,0,3,40,40,0
Ben Chiarot,20-21,MTL,D,41,893.28,1,4,2,7,81,111,157,3.2,1.23,0.9,2.88,60,51,9,77,84,15,3,4,4,-12,0,0,0
Ben Harpur,20-21,NSH,D,34,558.65,0,3,4,7,33,45,57,0.82,0,0,1.82,29,28,9,44,42,6,4,1,1,-2,0,0,0
Ben Hutton,20-21,ANA/TOR,D,38,701.44,1,1,3,5,54,68,101,2.28,1.85,1.47,3.35,39,22,8,44,62,3,2,1,1,-1,0,0,0
Ben Thomas,20-21,T.B,D,5,71.18,0,0,0,0,3,4,7,0.24,0,0,6,4,1,1,4,20,0,0,0,0,0,0,0,0
Blake Coleman,20-21,T.B,C,55,850.58,14,7,10,31,122,154,183,12.79,11.48,9.09,8.31,20,19,25,109,65,16,19,1,1,3,2,7,-5
Blake Comeau,20-21,DAL,L,51,802.75,4,6,4,14,76,99,134,8.08,5.26,4.04,8.16,18,17,21,106,43,11,9,1,1,-2,53,57,-4
Blake Lizotte,20-21,L.A,C,41,520.95,3,1,6,10,42,62,77,4.84,7.14,4.84,7.81,21,6,6,32,53,8,11,0,0,3,180,174,6
Blake Wheeler,20-21,WPG,R,50,917.03,15,20,11,46,113,144,169,12.55,13.27,10.42,8.72,30,16,25,63,56,20,10,0,0,-10,3,5,-2
Bo Horvat,20-21,VAN,C,56,1113.82,19,9,11,39,131,179,226,16.17,14.5,10.61,9.03,38,22,25,64,53,9,9,1,1,0,648,577,71
Bobby Ryan,20-21,DET,R,33,505.72,7,6,1,14,73,94,119,5.77,9.59,7.45,6.14,17,12,10,31,34,6,6,1,1,0,5,11,-6
Boone Jenner,20-21,CBJ,C,41,737.97,8,5,4,17,79,110,131,8.12,10.13,7.27,7.38,53,22,14,76,36,3,6,0,0,3,301,245,56
Bowen Byram,20-21,COL,D,19,332.72,0,1,1,2,21,28,43,0.99,0,0,3.54,13,5,1,33,45,9,3,1,1,-6,0,0,0
Brad Hunt,20-21,MIN,D,12,148,1,0,0,1,14,20,31,0.91,7.14,5,4.55,6,1,2,4,7,2,0,0,0,-2,0,0,0
Brad Marchand,20-21,BOS,C,53,1002.25,29,26,14,69,143,182,228,18.45,20.28,15.93,10.14,11,36,42,66,56,23,18,0,0,-5,11,24,-13
Brad Richardson,20-21,NSH,R,17,208.48,1,3,0,4,18,23,27,1.27,5.56,4.35,5.52,9,1,4,14,7,2,1,0,0,-1,76,72,4
Brady Skjei,20-21,CAR,D,52,1078.08,3,2,5,10,104,136,179,4.24,2.88,2.21,3.12,62,42,21,66,91,15,6,0,0,-9,0,0,0
Brady Tkachuk,20-21,OTT,L,56,1020.87,17,11,8,36,220,283,319,27,7.73,6.01,9.54,23,37,33,248,71,17,28,7,7,11,118,131,-13
Brandon Carlo,20-21,BOS,D,27,505.15,3,0,1,4,43,67,90,1.28,6.98,4.48,1.91,35,8,6,38,49,6,3,0,0,-3,0,0,0
Brandon Davidson,20-21,BUF,D,6,92.02,0,0,0,0,7,7,11,0.13,0,0,1.86,5,0,4,14,8,2,1,0,0,-1,0,0,0
Brandon Hagel,20-21,CHI,L,52,727.42,9,11,4,24,91,112,144,9.58,9.89,8.04,8.55,28,11,31,59,102,3,12,1,1,9,9,14,-5
Brandon Montour,20-21,BUF/FLA,D,50,1024.3,7,7,4,18,94,133,173,4.94,7.45,5.26,3.71,62,22,15,54,56,15,6,0,0,-9,0,0,0
Brandon Saad,20-21,COL,L,44,619.5,15,2,7,24,68,99,129,8.65,22.06,15.15,8.74,10,17,8,16,20,6,6,0,0,0,27,35,-8
Brandon Sutter,20-21,VAN,C,43,648.35,9,2,1,12,65,85,94,7.05,13.85,10.59,8.29,28,14,23,18,46,1,9,0,0,8,276,221,55
Brandon Tanev,20-21,PIT,L,32,461.93,7,5,4,16,43,55,62,5.56,16.28,12.73,10.11,33,11,26,139,81,1,4,2,1,2,3,8,-5
Brayden McNabb,20-21,VGK,D,41,791.25,2,1,5,8,39,64,108,2.06,5.13,3.12,3.22,76,13,8,98,66,8,6,0,0,-2,0,0,0
Brayden Point,20-21,T.B,C,56,1032.42,23,12,13,48,131,178,213,17.18,17.56,12.92,9.65,18,11,27,23,53,3,21,1,1,18,257,263,-6
Brayden Schenn,20-21,STL,C,56,1072.03,16,15,5,36,113,153,180,15.57,14.16,10.46,10.18,35,19,24,119,69,10,5,3,3,-5,318,290,28
Braydon Coburn,20-21,NYI/OTT,D,19,304.85,0,1,1,2,18,27,38,0.86,0,0,3.19,20,14,4,27,20,7,1,0,0,-6,0,0,0
Brendan Gallagher,20-21,MTL,R,35,525.33,14,3,6,23,106,143,177,12.25,13.21,9.79,8.57,12,9,7,46,33,8,12,0,0,4,23,19,4
Brendan Lemieux,20-21,L.A/NYR,L,49,496.49,4,5,2,11,50,67,94,4.44,8,5.97,6.63,26,13,8,109,41,14,19,5,5,5,6,20,-14
Brendan Smith,20-21,NYR,D,48,788.83,5,3,2,10,58,78,114,2.78,8.62,6.41,3.56,41,26,7,84,74,19,20,5,5,1,0,0,0
Brenden Dillon,20-21,WSH,D,56,1060.83,2,7,10,19,51,83,138,1.59,3.92,2.41,1.92,61,27,13,143,89,12,4,5,5,-8,0,0,0
Brent Burns,20-21,S.J,D,56,1463.93,7,14,8,29,138,194,294,7.99,5.07,3.61,4.12,94,47,36,31,29,18,6,0,0,-12,0,0,0
Brett Connolly,20-21,CHI/FLA,R,31,376.48,3,3,0,6,26,35,57,3.52,11.54,8.57,10.06,8,8,7,44,30,2,3,0,0,1,4,9,-5
Brett Howden,20-21,NYR,C,42,527.5,1,3,3,7,33,48,54,5.07,3.03,2.08,10.56,35,6,6,57,57,3,8,1,1,5,118,135,-17
Brett Kulak,20-21,MTL,D,46,740.95,2,4,2,8,57,72,113,1.92,3.51,2.78,2.67,54,33,8,28,85,10,4,0,0,-6,0,0,0
Brett Pesce,20-21,CAR,D,55,1253.57,4,13,8,25,89,144,231,4.39,4.49,2.78,3.05,82,26,21,17,80,10,16,0,0,6,0,0,0
Brett Ritchie,20-21,CGY,R,32,363.93,4,3,1,8,36,63,77,5.15,11.11,6.35,8.17,6,9,6,97,37,7,2,2,2,-5,3,6,-3
Brian Dumoulin,20-21,PIT,D,41,916.53,4,3,7,14,50,69,104,1.96,8,5.8,2.84,55,18,24,63,96,6,8,0,0,2,0,0,0
Brock Boeser,20-21,VAN,R,56,1081.9,23,16,10,49,141,195,247,19.1,16.31,11.79,9.79,20,31,16,32,28,8,6,0,0,-2,8,14,-6
Brock McGinn,20-21,CAR,L,37,554.47,8,2,3,13,58,81,102,5.88,13.79,9.88,7.26,12,9,16,44,44,3,10,0,0,7,3,11,-8
Brock Nelson,20-21,NYI,C,56,998.58,18,10,5,33,121,171,206,19.86,14.88,10.53,11.61,26,26,22,36,62,7,7,0,0,0,349,358,-9
Bryan Rust,20-21,PIT,R,56,1104.55,22,10,10,42,154,219,258,21.19,14.29,10.05,9.68,30,30,30,62,108,9,10,0,0,1,3,3,0
Buddy Robinson,20-21,CGY,R,9,64.23,0,0,0,0,6,8,13,0.5,0,0,6.25,0,2,4,14,5,0,1,0,0,1,1,2,-1
Cal Clutterbuck,20-21,NYI,R,50,671.82,4,6,1,11,50,73,93,7.13,8,5.48,9.77,23,12,18,191,74,5,6,0,0,1,0,1,-1
Cal Foote,20-21,T.B,D,35,451.12,1,1,1,3,40,61,78,1.62,2.5,1.64,2.66,29,5,1,39,57,7,4,1,1,-3,0,0,0
Cale Makar,20-21,COL,D,44,1069.57,8,22,14,44,104,141,225,5.92,7.69,5.67,4.2,36,21,32,49,41,6,13,0,0,7,0,0,0
Caleb Jones,20-21,EDM,D,33,449.03,0,3,1,4,23,31,55,0.68,0,0,2.19,35,35,9,27,53,3,5,0,0,2,0,0,0
Calen Addison,20-21,MIN,D,3,55.55,0,0,0,0,4,4,6,0.07,0,0,1.75,1,0,0,2,3,0,0,0,0,0,0,0,0
Calle Jarnkrok,20-21,NSH,C,49,823.13,13,7,8,28,91,114,133,8.71,14.29,11.4,7.64,15,11,19,30,41,2,8,0,0,6,41,54,-13
Calvin De Haan,20-21,CHI,D,44,819.15,1,4,5,10,58,85,132,1.81,1.72,1.18,2.13,85,36,15,99,55,7,7,0,0,0,0,0,0
Cam Atkinson,20-21,CBJ,R,56,1060.3,15,12,7,34,158,210,250,15.62,9.49,7.14,7.44,30,45,22,22,22,2,6,0,0,4,7,23,-16
Cam Fowler,20-21,ANA,D,56,1218.58,5,5,13,23,75,105,181,3.84,6.67,4.76,3.66,36,28,21,27,63,9,4,0,0,-5,0,0,0
Cam York,20-21,PHI,D,3,59.35,0,0,0,0,1,3,6,0.07,0,0,2.33,2,0,1,1,4,0,2,0,0,2,0,0,0
Carl Grundstrom,20-21,L.A,R,47,586.32,6,2,3,11,66,83,101,5.38,9.09,7.23,6.48,23,9,6,104,58,8,6,0,0,-2,3,4,-1
Carl Gunnarsson,20-21,STL,D,12,173.12,0,0,2,2,6,10,17,0.16,0,0,1.6,16,2,1,9,22,3,1,0,0,-2,0,0,0
Carl Hagelin,20-21,WSH,L,56,789.65,6,8,2,16,85,102,129,8.7,7.06,5.88,8.53,19,16,21,22,38,7,8,1,1,1,3,10,-7
Carl Soderberg,20-21,CHI/COL,C,45,647,7,6,4,17,61,75,87,6.79,11.48,9.33,9.05,36,16,10,66,51,9,8,0,0,-1,201,190,11
Carsen Twarynski,20-21,PHI,L,7,61.98,0,0,0,0,4,6,7,0.24,0,0,4,2,0,0,17,4,1,0,0,0,-1,1,2,-1
Carson Soucy,20-21,MIN,D,50,764.27,1,7,9,17,47,66,84,1.56,2.13,1.52,2.36,49,18,12,62,63,18,6,3,2,-13,0,0,0
Carter Rowney,20-21,ANA,R,19,271.37,0,5,1,6,10,11,18,1.38,0,0,12.55,21,3,8,45,23,1,2,0,0,1,8,6,2
Carter Verhaeghe,20-21,FLA,C,43,762.53,18,10,8,36,107,136,173,15.4,16.82,13.24,11.32,14,26,19,33,79,13,7,1,1,-6,23,26,-3
Casey Cizikas,20-21,NYI,C,56,774.73,7,5,2,14,72,91,112,8.42,9.72,7.69,9.25,25,16,12,112,87,11,14,1,2,4,340,299,41
Casey Mittelstadt,20-21,BUF,C,41,651.17,10,6,6,22,61,80,94,7.55,16.39,12.5,9.44,12,18,18,9,29,5,5,0,0,0,216,225,-9
Cedric Paquette,20-21,CAR/OTT,C,47,439.28,4,0,4,8,33,49,62,4.53,12.12,8.16,9.24,26,6,10,136,47,8,7,1,1,-1,33,42,-9
Chad Ruhwedel,20-21,PIT,D,17,249.78,0,1,1,2,16,25,43,0.35,0,0,1.4,13,2,1,32,23,7,0,0,0,-7,0,0,0
Chandler Stephenson,20-21,VGK,C,51,922.93,14,13,8,35,83,106,124,10.35,16.87,13.21,9.76,35,10,23,43,71,7,13,1,0,5,375,369,6
Charlie Coyle,20-21,BOS,C,51,830.75,6,5,5,16,79,107,127,6.57,7.59,5.61,6.14,24,19,28,57,31,10,12,0,0,2,245,262,-17
Charlie McAvoy,20-21,BOS,D,51,1223.78,5,12,13,30,92,136,189,4.73,5.43,3.68,3.48,80,44,20,65,101,19,11,0,0,-8,0,0,0
Chris Kreider,20-21,NYR,C,50,869.87,20,7,3,30,102,145,177,17.45,19.61,13.79,12.03,35,32,17,115,47,12,6,2,2,-6,30,45,-15
Chris Tanev,20-21,CGY,D,56,1216.93,2,2,8,12,66,87,122,2.11,3.03,2.3,2.43,107,57,23,33,111,3,6,0,0,3,0,0,0
Chris Tierney,20-21,OTT,C,55,824.45,6,9,4,19,53,71,82,6.02,11.32,8.45,8.48,32,32,22,23,29,4,6,0,0,2,269,321,-52
Chris Wagner,20-21,BOS,R,41,479.17,2,0,3,5,57,72,86,4.18,3.51,2.78,5.81,21,7,14,75,70,7,4,2,2,-3,41,38,3
Christian Djoos,20-21,DET,D,36,543.05,2,5,4,11,39,53,77,1.83,5.13,3.77,3.45,26,21,5,10,19,7,3,0,0,-4,0,0,0
Christian Dvorak,20-21,ARI,L,56,1030.78,17,7,7,31,95,132,154,15.34,17.89,12.88,11.62,45,18,19,48,51,6,11,0,0,5,553,509,44
Christian Fischer,20-21,ARI,R,52,662.97,3,4,4,11,47,67,85,5.6,6.38,4.48,8.36,27,11,7,148,53,3,7,0,0,4,12,12,0
Christian Jaros,20-21,S.J,D,7,78.3,0,0,1,1,3,6,10,0.08,0,0,1.33,8,2,3,9,15,1,1,0,0,0,0,0,0
Christian Wolanin,20-21,L.A/OTT,D,18,238.85,0,2,1,3,16,21,32,0.63,0,0,3,7,13,1,3,12,4,1,0,0,-3,0,0,0
Clark Bishop,20-21,OTT,C,13,123.13,0,3,0,3,16,20,25,1.7,0,0,8.5,8,6,3,23,21,2,3,0,0,1,36,35,1
Claude Giroux,20-21,PHI,R,54,977.7,16,15,12,43,120,176,211,12.75,13.33,9.09,7.24,6,16,19,32,45,6,17,0,0,11,484,328,156
Clayton Keller,20-21,ARI,C,56,932.87,14,11,10,35,124,176,212,13.36,11.29,7.95,7.59,14,17,23,20,67,9,19,0,0,10,19,22,-3
Cody Ceci,20-21,PIT,D,53,981.47,4,5,8,17,58,78,110,2.09,6.9,5.13,2.68,70,15,11,74,117,6,5,0,0,-1,0,0,0
Cody Eakin,20-21,BUF,C,46,594.97,3,2,2,7,39,51,59,3.65,7.69,5.88,7.16,20,14,16,33,24,7,4,0,0,-3,271,228,43
Cody Glass,20-21,VGK,C,27,392.58,4,4,2,10,28,36,55,4.52,14.29,11.11,12.56,9,6,11,10,31,4,6,0,0,2,110,149,-39
Cole Caufield,20-21,MTL,R,10,139.6,4,1,0,5,30,46,56,2.96,13.33,8.7,6.43,0,4,3,3,3,1,1,0,0,0,0,0,0
Colin Blackwell,20-21,NYR,C,47,658.3,12,5,5,22,64,96,115,7.79,18.75,12.5,8.11,19,17,15,45,66,5,8,1,1,3,30,32,-2
Colin Miller,20-21,BUF,D,48,864,4,3,5,12,64,96,139,2.15,6.25,4.17,2.24,51,25,14,91,53,11,10,1,1,-1,0,0,0
Colin White (C),20-21,OTT,C,45,661.1,10,4,4,18,69,102,132,8.84,14.49,9.8,8.67,18,25,15,58,43,8,7,0,0,-1,170,232,-62
Colton Parayko,20-21,STL,D,32,682.6,2,5,5,12,60,80,117,2.36,3.33,2.5,2.95,64,23,13,35,68,7,3,0,0,-4,0,0,0
Colton Sceviour,20-21,PIT,C,46,440.65,5,3,2,10,53,62,76,3.67,9.43,8.06,5.92,28,5,9,64,51,1,3,0,0,2,5,13,-8
Colton Sissons,20-21,NSH,C,54,775.02,8,4,3,15,58,79,96,6.44,13.79,10.13,8.15,27,9,15,74,23,9,5,0,0,-4,319,272,47
Connor Brown,20-21,OTT,R,56,1021.57,21,6,8,35,123,162,200,14.16,17.07,12.96,8.74,30,29,56,22,72,6,9,0,0,3,12,15,-3
Connor Bunnaman,20-21,PHI,C,18,208.13,0,1,0,1,15,20,27,0.87,0,0,4.35,6,0,5,31,20,1,0,0,0,-1,56,48,8
Connor Carrick,20-21,N.J,D,11,205.37,1,0,1,2,8,16,21,0.4,12.5,6.25,2.5,24,8,1,11,21,0,1,1,1,1,0,0,0
Connor Clifton,20-21,BOS,D,44,801.53,1,2,4,7,48,72,103,1.52,2.08,1.39,2.11,52,15,13,108,113,14,5,2,2,-9,0,0,0
Connor MacKey,20-21,CGY,D,6,84.97,1,1,1,3,4,9,11,0.42,25,11.11,4.67,0,4,0,8,9,5,1,2,2,-4,0,0,0
Connor McDavid,20-21,EDM,C,56,1240.6,33,50,22,105,200,257,314,25.4,16.5,12.84,9.88,24,47,36,61,89,10,29,0,0,19,316,322,-6
Connor Murphy,20-21,CHI,D,50,1107.27,3,5,7,15,78,99,159,2.33,3.85,3.03,2.35,123,37,10,102,155,5,14,1,1,9,0,0,0
Conor Garland,20-21,ARI,R,49,878.12,12,22,5,39,135,185,241,12.38,8.89,6.49,6.69,19,19,34,26,84,13,27,0,1,15,7,14,-7
Conor Sheary,20-21,WSH,L,53,726.63,14,4,4,22,88,120,144,10.73,15.91,11.67,8.94,20,8,25,24,62,7,12,0,0,5,3,7,-4
Conor Timmins,20-21,COL,D,31,420.15,0,2,5,7,31,45,70,1.16,0,0,2.58,22,4,6,18,41,4,2,0,0,-2,0,0,0
Corey Perry,20-21,MTL,R,49,673.22,9,8,4,21,62,88,109,7.92,14.52,10.23,9,15,16,15,56,44,7,12,3,3,5,0,6,-6
Craig Smith,20-21,BOS,C,54,803.25,13,9,10,32,132,187,236,10.96,9.85,6.95,5.86,8,16,24,66,83,9,6,0,0,-3,10,13,-3
Curtis Lazar,20-21,BOS/BUF,C,50,666.19,7,3,3,13,55,79,91,8.33,12.73,8.86,10.54,22,7,18,99,62,3,7,0,0,4,160,175,-15
Dakota Joshua,20-21,STL,C,12,107.62,1,0,0,1,9,9,11,0.58,11.11,11.11,6.44,2,1,3,23,21,1,4,1,1,3,37,27,10
Damon Severson,20-21,N.J,D,56,1259.13,3,10,8,21,91,129,195,4.45,3.3,2.33,3.45,50,52,23,57,43,12,6,1,1,-6,0,0,0
Dan Renouf,20-21,COL,D,18,182.95,0,1,2,3,12,14,18,0.25,0,0,1.79,3,3,1,20,14,3,1,2,2,-2,0,0,0
Daniel Carr,20-21,WSH,L,6,61.37,0,1,0,1,5,6,8,0.39,0,0,6.5,4,2,1,10,5,1,2,0,0,1,0,0,0
Daniel Sprong,20-21,WSH,R,42,490.08,13,4,3,20,74,98,127,5.28,17.57,13.27,5.39,1,13,11,28,32,6,3,0,0,-3,4,4,0
Danny Dekeyser,20-21,DET,D,47,850.68,4,3,5,12,43,64,92,1.55,9.3,6.25,2.42,81,20,1,44,73,10,2,0,0,-8,0,0,0
Dante Fabbro,20-21,NSH,D,40,772.6,2,5,5,12,59,74,101,1.46,3.39,2.7,1.97,57,26,8,32,67,9,4,1,1,-5,0,0,0
Danton Heinen,20-21,ANA,L,43,634.87,7,6,1,14,76,104,139,8.43,9.21,6.73,8.11,30,10,23,32,27,0,6,0,0,6,1,6,-5
Darnell Nurse,20-21,EDM,D,56,1435,16,8,12,36,155,208,289,7.18,10.32,7.69,3.45,100,61,24,117,63,16,10,3,3,-6,0,0,0
Darren Helm,20-21,DET,C,47,689.85,3,2,3,8,83,97,130,6.18,3.61,3.09,6.37,20,10,13,39,63,5,11,0,0,6,6,3,3
David Backes,20-21,ANA,R,15,191.02,3,0,1,4,30,39,49,2.72,10,7.69,6.97,16,5,5,31,20,2,0,0,0,-2,81,79,2
David Kampf,20-21,CHI,C,56,821.35,1,6,5,12,63,81,101,6.74,1.59,1.23,8.32,14,8,31,45,82,10,12,0,0,2,410,367,43
David Krejci,20-21,BOS,C,51,873.87,8,24,12,44,83,112,141,7.35,9.64,7.14,6.56,26,28,21,25,43,8,5,0,0,-3,321,271,50
David Pastrnak,20-21,BOS,R,48,893.48,20,21,7,48,176,247,334,14.88,11.36,8.1,6.02,13,31,25,35,60,12,22,0,0,10,2,5,-3
David Perron,20-21,STL,L,56,1038.75,19,20,19,58,151,202,288,13.3,12.58,9.41,6.58,25,32,17,45,34,11,12,0,0,1,0,6,-6
David Savard,20-21,CBJ/T.B,D,54,1071.68,1,0,5,6,69,92,124,3.22,1.45,1.09,3.5,109,24,7,132,79,12,5,0,0,-7,0,0,0
Dean Kukan,20-21,CBJ,D,35,496.62,1,1,3,5,29,36,50,0.62,3.45,2.78,1.72,38,17,6,36,36,5,4,0,0,-1,0,0,0
Denis Gurianov,20-21,DAL,R,55,871.8,12,10,8,30,130,181,251,12.86,9.23,6.63,7.1,12,29,18,63,39,8,10,1,1,2,0,1,-1
Dennis Cholowski,20-21,DET,D,16,254.35,1,2,0,3,10,15,22,0.4,10,6.67,2.67,18,6,3,5,9,2,0,0,0,-2,0,0,0
Derek Forbort,20-21,WPG,D,56,1161.57,2,4,6,12,67,101,174,1.86,2.99,1.98,1.84,115,54,19,80,111,10,1,1,1,-9,0,0,0
Derek Grant,20-21,ANA,C,46,669.97,6,4,5,15,66,97,122,5.85,9.09,6.19,6.03,40,12,9,65,34,10,6,1,1,-4,289,277,12
Derek Ryan,20-21,CGY,C,43,511.3,2,8,3,13,37,60,70,5.29,5.41,3.33,8.82,21,16,20,13,35,8,14,0,0,6,153,141,12
Derek Stepan,20-21,OTT,C,20,301.28,1,3,2,6,44,57,70,3.43,2.27,1.75,6.02,16,6,10,25,15,4,1,0,0,-3,130,130,0
Derick Brassard,20-21,ARI,C,53,784.17,8,5,7,20,67,101,130,8.33,11.94,7.92,8.25,5,19,17,80,25,6,8,0,0,2,229,206,23
Devin Shore,20-21,EDM,C,38,415.03,5,3,1,9,27,34,40,3.64,18.52,14.71,10.71,26,8,15,73,37,3,1,0,0,-2,57,51,6
Devon Toews,20-21,COL,D,53,1312.32,9,9,13,31,121,162,221,5.6,7.44,5.56,3.46,87,19,32,44,34,8,12,0,0,4,0,0,0
Dillon Dube,20-21,CGY,C,51,695.52,11,6,5,22,84,119,156,8.67,13.1,9.24,7.29,14,32,15,59,81,10,10,0,0,0,9,8,1
Dmitry Kulikov,20-21,EDM/N.J,D,48,920.05,0,1,3,4,51,71,110,1.76,0,0,2.48,49,31,8,93,79,14,2,0,0,-12,0,0,0
Dmitry Orlov,20-21,WSH,D,51,1010.5,8,6,8,22,83,118,164,3.56,9.64,6.78,3.02,50,25,30,87,51,10,4,0,0,-6,0,0,0
Dominik Kahun,20-21,EDM,C,48,615.37,9,4,2,15,69,92,112,6.78,13.04,9.78,7.37,12,16,11,13,28,1,4,0,0,3,16,14,2
Dominik Kubalik,20-21,CHI,L,56,868.95,17,11,10,38,156,192,260,14.46,10.9,8.85,7.53,17,19,12,57,35,9,9,0,0,0,0,3,-3
Dominik Simon,20-21,CGY,C,11,105.65,0,0,0,0,4,5,11,0.4,0,0,8,4,4,0,12,6,0,3,0,0,3,3,7,-4
Dougie Hamilton,20-21,CAR,D,55,1249.72,10,16,16,42,180,253,362,9.38,5.56,3.95,3.71,64,44,19,52,42,15,3,1,1,-12,0,0,0
Drake Batherson,20-21,OTT,C,56,922.53,17,12,5,34,111,170,212,13.83,15.32,10,8.14,29,25,15,102,71,4,10,0,0,6,5,8,-3
Drake Caggiula,20-21,ARI/BUF,C,38,471.3,3,4,3,10,46,62,78,4.84,6.52,4.84,7.81,9,10,9,64,28,7,6,1,1,-1,5,8,-3
Drew Doughty,20-21,L.A,D,56,1477.33,8,12,14,34,101,149,235,6.64,7.92,5.37,4.46,83,40,8,91,87,13,8,0,0,-5,0,0,0
Drew O'Connor,20-21,PIT,L,10,89.53,0,0,1,1,8,13,16,0.75,0,0,5.77,2,3,2,6,9,1,1,0,0,0,1,1,0
Dryden Hunt,20-21,ARI,L,26,311.28,3,3,2,8,39,53,66,3.3,7.69,5.66,6.23,5,7,4,94,43,2,5,0,0,3,4,9,-5
Duncan Keith,20-21,CHI,D,54,1264.12,4,7,4,15,110,134,199,4.3,3.64,2.99,3.21,91,63,28,33,63,15,0,0,0,-15,0,0,0
Dustin Brown,20-21,L.A,L,49,863.43,17,9,5,31,129,168,207,15.56,13.18,10.12,9.26,10,31,11,85,57,9,15,0,0,6,2,2,0
Dylan Coghlan,20-21,VGK,D,29,391.15,3,1,2,6,31,44,75,1.53,9.68,6.82,3.48,16,4,5,29,35,1,1,0,0,0,0,1,-1
Dylan Cozens,20-21,BUF,C,41,588.6,4,8,1,13,62,80,102,6.13,6.45,5,7.66,11,20,13,30,50,3,7,2,2,4,96,106,-10
Dylan Demelo,20-21,WPG,D,52,882.48,0,5,4,9,44,63,89,1.6,0,0,2.54,58,48,9,76,89,10,3,0,0,-7,0,0,0
Dylan Gambrell,20-21,S.J,C,49,785.4,5,2,5,12,48,78,97,6.17,10.42,6.41,7.91,54,13,9,77,67,4,7,1,1,3,279,358,-79
Dylan Larkin,20-21,DET,C,44,897.7,9,11,3,23,134,176,223,13.34,6.72,5.11,7.58,17,38,21,38,45,12,14,2,2,2,361,369,-8
Dylan Sikura,20-21,VGK,C,6,61.47,2,0,0,2,8,8,11,0.41,25,25,5.12,1,0,5,3,5,0,2,0,0,2,0,0,0
Dylan Strome,20-21,CHI,C,40,620.53,9,6,2,17,71,90,112,9.01,12.68,10,10.01,19,20,17,8,49,7,3,0,0,-4,198,223,-25
Eeli Tolvanen,20-21,NSH,R,40,592.28,11,3,8,22,65,94,137,5.21,16.92,11.7,5.54,16,5,8,78,34,2,4,0,0,2,1,5,-4
Eetu Luostarinen,20-21,FLA,C,44,578.02,3,1,4,8,34,48,63,3.79,8.82,6.25,7.9,25,11,25,55,58,6,13,0,0,7,191,207,-16
Elias Lindholm,20-21,CGY,C,56,1114.1,19,12,16,47,130,157,202,14,14.62,12.1,8.92,34,26,30,53,37,11,13,0,0,2,509,482,27
Elias Pettersson,20-21,VAN,C,26,482.78,10,5,6,21,63,95,126,8.29,15.87,10.53,8.73,9,13,11,11,34,3,13,0,0,10,63,77,-14
Emil Bemstrom,20-21,CBJ,C,20,257.12,3,1,1,5,28,42,54,3.14,10.71,7.14,7.48,8,5,2,15,24,0,1,0,0,1,0,0,0
Eric Robinson,20-21,CBJ,L,56,694.07,8,8,2,18,75,106,137,8.17,10.67,7.55,7.71,16,18,15,94,44,2,4,0,0,2,3,3,0
Eric Staal,20-21,BUF/MTL,C,53,780.18,5,4,4,13,82,111,145,9.03,6.1,4.5,8.14,15,24,17,23,36,5,2,0,0,-3,268,279,-11
Erik Brannstrom,20-21,OTT,D,30,490.73,2,5,6,13,42,57,93,1.83,4.76,3.51,3.21,18,31,8,26,63,10,6,1,1,-4,0,0,0
Erik Cernak,20-21,T.B,D,46,910.08,5,10,3,18,85,116,163,3.05,5.88,4.31,2.63,46,10,6,98,77,14,7,2,2,-7,0,0,0
Erik Gudbranson,20-21,NSH/OTT,D,45,805.88,1,1,2,4,58,77,121,1.79,1.72,1.3,2.32,64,33,6,111,85,17,11,3,3,-6,0,0,0
Erik Gustafsson (D),20-21,MTL/PHI,D,29,484.67,1,6,5,12,33,55,93,1.4,3.03,1.82,2.55,21,22,7,21,47,0,2,0,0,2,0,0,0
Erik Haula,20-21,NSH,L,51,816.15,9,8,4,21,85,122,143,12.41,10.59,7.38,10.17,23,17,18,63,39,7,9,0,0,2,270,220,50
Erik Johnson,20-21,COL,D,4,53.7,0,1,0,1,5,5,8,0.13,0,0,2.6,5,3,1,7,2,1,0,0,0,-1,0,0,0
Erik Karlsson,20-21,S.J,D,52,1226.82,8,7,7,22,110,159,239,6.31,7.27,5.03,3.97,69,47,39,20,58,9,10,0,0,1,0,0,0
Esa Lindell,20-21,DAL,D,56,1298.12,5,6,5,16,100,137,184,4.08,5,3.65,2.98,104,42,9,114,111,7,3,1,1,-4,0,0,0
Ethan Bear,20-21,EDM,D,43,772.35,2,2,4,8,53,69,100,1.86,3.77,2.9,2.7,55,41,13,31,78,7,9,0,0,2,0,0,0
Evan Bouchard,20-21,EDM,D,14,207.68,2,1,2,5,38,49,69,1.24,5.26,4.08,2.53,11,10,4,11,9,1,1,0,0,0,0,0,0
Evan Rodrigues,20-21,PIT,C,35,493.67,7,5,2,14,65,82,110,5.49,10.77,8.54,6.7,10,15,15,21,63,3,6,0,0,3,54,74,-20
Evander Kane,20-21,S.J,L,56,1131.03,22,19,8,49,194,255,322,21.53,11.34,8.63,8.44,22,33,30,97,67,21,18,0,0,-3,23,34,-11
Evgeni Malkin,20-21,PIT,C,33,585.45,8,8,12,28,72,92,126,6.06,11.11,8.7,6.59,12,34,26,18,55,7,8,0,0,1,152,206,-54
Evgeny Dadonov,20-21,OTT,R,55,856.83,13,5,2,20,89,132,163,10.87,14.61,9.85,8.23,26,25,17,38,53,2,8,0,0,6,0,1,-1
Evgeny Kuznetsov,20-21,WSH,C,41,679.45,9,13,7,29,78,102,122,7.29,11.54,8.82,7.15,18,19,16,21,18,9,5,0,0,-4,204,289,-85
Evgeny Svechnikov,20-21,DET,L,21,248.18,3,3,2,8,21,28,35,3.11,14.29,10.71,11.11,6,9,2,20,23,5,0,0,0,-5,1,2,-1
Filip Chytil,20-21,NYR,C,42,555.45,8,8,6,22,76,102,123,7.33,10.53,7.84,7.19,19,25,23,15,51,5,7,0,0,2,130,174,-44
Filip Forsberg,20-21,NSH,L,39,713.37,12,9,11,32,129,177,213,10.83,9.3,6.78,6.12,14,21,22,47,31,8,9,0,0,1,3,5,-2
Filip Hronek,20-21,DET,D,56,1309.62,2,6,18,26,114,159,225,6.07,1.75,1.26,3.82,46,31,7,67,70,8,11,0,0,3,0,0,0
Filip Zadina,20-21,DET,R,49,823.48,6,8,5,19,97,123,169,9.08,6.19,4.88,7.38,22,17,17,22,46,0,11,0,0,11,5,10,-5
Frank Vatrano,20-21,FLA,C,56,812.92,18,3,5,26,158,207,245,16.3,11.39,8.7,7.87,21,18,23,69,75,13,9,0,0,-4,4,16,-12
Frans Nielsen,20-21,DET,C,29,351.92,1,3,2,6,24,34,37,2.8,4.17,2.94,8.24,12,4,7,23,22,0,4,0,0,4,21,19,2
Frederick Gaudreau,20-21,PIT,C,19,248.22,2,3,5,10,20,28,35,2.03,10,7.14,7.25,9,4,14,9,22,1,0,0,0,-1,87,75,12
Fredrik Claesson,20-21,S.J/T.B,D,6,74.31,0,0,0,0,4,6,7,0.08,0,0,1.33,7,7,0,10,9,1,0,0,0,-1,0,0,0
Fredrik Handemark,20-21,S.J,C,8,75.63,1,0,0,1,5,6,8,0.86,20,16.67,14.33,1,3,2,14,11,1,0,0,0,-1,29,30,-1
Gabriel Carlsson,20-21,CBJ,D,14,206.98,1,0,3,4,14,19,28,0.39,7.14,5.26,2.05,12,2,4,11,20,2,1,0,0,-1,0,0,0
Gabriel Landeskog,20-21,COL,L,54,1077.68,20,12,20,52,155,219,271,21.33,12.9,9.13,9.74,28,35,16,81,76,18,16,0,0,-2,288,221,67
Gabriel Vilardi,20-21,L.A,C,54,796.58,10,7,6,23,65,91,116,9.65,15.38,10.99,10.6,19,14,13,18,58,3,17,0,0,14,291,343,-52
Gaetan Haas,20-21,EDM,C,34,385.88,2,1,0,3,24,34,50,2.55,8.33,5.88,7.5,29,10,9,31,46,5,4,0,0,-1,139,167,-28
Garnet Hathaway,20-21,WSH,R,56,689.92,6,7,5,18,62,88,106,7.33,9.68,6.82,8.33,30,10,10,179,77,13,12,4,3,-2,10,14,-4
Gavin Bayreuther,20-21,CBJ,D,9,138.48,1,0,0,1,16,23,32,0.48,6.25,4.35,2.09,4,0,5,12,15,1,1,1,1,0,0,0,0
Gemel Smith,20-21,T.B,C,5,50.22,0,2,1,3,0,1,1,0.1,0,0,10,1,1,1,6,5,3,1,1,1,-2,17,23,-6
Givani Smith,20-21,DET,R,16,169.42,1,2,1,4,20,22,27,1.24,5,4.55,5.64,4,5,1,28,23,3,2,3,3,-1,0,0,0
Greg Pateryn,20-21,COL/MIN/S.J,D,13,183.79,0,1,2,3,13,21,29,0.69,0,0,3.29,17,5,3,17,14,3,0,0,0,-3,0,0,0
Grigori Denisenko,20-21,FLA,L,7,83.58,0,1,3,4,6,8,11,0.28,0,0,3.5,2,0,3,15,10,1,0,0,0,-1,1,1,0
Gustav Forsling,20-21,FLA,D,43,857.55,5,8,4,17,94,115,165,3.44,5.32,4.35,2.99,42,26,19,30,75,4,5,0,0,1,0,0,0
Gustav Lindstrom,20-21,DET,D,13,209.53,0,2,1,3,8,14,20,0.33,0,0,2.36,17,8,0,14,16,0,1,0,0,1,0,0,0
Hampus Lindholm,20-21,ANA,D,18,396.53,2,1,3,6,29,49,68,2.31,6.9,4.08,4.71,19,15,7,9,32,9,2,0,0,-7,0,0,0
Haydn Fleury,20-21,ANA/CAR,D,47,723.68,3,0,1,4,62,86,126,2.14,4.84,3.49,2.49,55,27,7,63,75,4,3,0,0,-1,0,0,0
Henri Jokiharju,20-21,BUF,D,46,845.5,3,3,2,8,50,76,109,1.63,6,3.95,2.14,53,12,9,47,52,2,2,0,0,0,0,0,0
Ian Cole,20-21,COL/MIN,D,54,857.45,1,3,4,8,30,43,57,1.15,3.33,2.33,2.67,94,24,10,38,49,16,2,0,0,-14,0,0,0
Ian Mitchell,20-21,CHI,D,39,586.08,3,1,3,7,23,31,54,1.15,13.04,9.68,3.71,37,12,2,18,44,8,4,0,0,-4,0,0,0
Ilya Lyubushkin,20-21,ARI,D,42,659.05,1,1,0,2,36,51,72,0.92,2.78,1.96,1.8,72,13,8,103,73,5,5,0,0,0,0,0,0
Ilya Mikheyev,20-21,TOR,R,54,767.32,7,6,4,17,107,143,173,11.28,6.54,4.9,7.89,28,25,21,49,58,3,10,0,0,7,2,0,2
Isac Lundestrom,20-21,ANA,C,41,624.95,6,2,1,9,52,72,88,5.23,11.54,8.33,7.26,19,13,18,16,45,7,1,0,0,-6,189,209,-20
Ivan Barbashev,20-21,STL,C,38,507.42,5,6,1,12,43,58,71,6.18,11.63,8.62,10.66,15,12,9,49,36,3,4,0,0,1,82,107,-25
Ivan Provorov,20-21,PHI,D,56,1399.92,7,7,12,26,126,166,252,5.59,5.56,4.22,3.37,106,56,5,56,106,15,7,0,0,-8,0,0,0
J.T. Compher,20-21,COL,L,48,682.43,10,5,3,18,47,69,88,5.22,21.28,14.49,7.57,38,10,16,32,37,7,7,1,1,0,216,255,-39
J.T. Miller,20-21,VAN,C,53,1111.17,15,19,12,46,106,159,198,12.87,14.15,9.43,8.09,24,47,29,90,63,19,5,1,1,-14,279,247,32
Jaccob Slavin,20-21,CAR,D,52,1195.08,3,5,7,15,101,149,215,4.95,2.97,2.01,3.32,87,30,24,35,86,1,3,0,0,2,0,0,0
Jack Ahcan,20-21,BOS,D,3,61.92,0,0,0,0,5,7,7,0.21,0,0,3,5,0,0,2,2,0,0,0,0,0,0,0,0
Jack Eichel,20-21,BUF,C,21,430.45,2,5,11,18,61,92,107,5.76,3.28,2.17,6.26,15,11,4,20,25,3,5,0,0,2,195,197,-2
Jack Hughes,20-21,N.J,C,56,1067.53,11,14,6,31,142,192,257,14.22,7.75,5.73,7.41,15,74,56,15,70,3,19,0,0,16,216,395,-179
Jack Johnson,20-21,NYR,D,13,220.57,1,0,0,1,13,18,24,0.34,7.69,5.56,1.89,15,6,2,30,24,4,1,0,0,-3,0,0,0
Jack Rathbone,20-21,VAN,D,8,124.05,1,0,2,3,17,21,31,0.82,5.88,4.76,3.9,8,6,2,9,20,0,2,0,0,2,0,0,0
Jack Roslovic,20-21,CBJ,C,48,811.32,12,7,15,34,85,110,130,8.55,14.12,10.91,7.77,22,37,19,34,58,7,10,0,0,3,232,361,-129
Jack Studnicka,20-21,BOS,C,20,255,1,1,1,3,28,40,51,2.74,3.57,2.5,6.85,10,3,7,7,24,0,3,0,0,3,46,55,-9
Jacob Bernard-Docker,20-21,OTT,D,5,68.3,0,0,0,0,6,10,16,0.17,0,0,1.7,5,2,0,3,17,0,0,0,0,0,0,0,0
Jacob Bryson,20-21,BUF,D,38,723.73,1,4,4,9,24,42,65,1.1,4.17,2.38,2.62,43,17,2,32,51,6,4,0,0,-2,0,0,0
Jacob De La Rose,20-21,STL,L,13,132.58,0,1,0,1,13,14,18,0.85,0,0,6.07,8,1,6,22,6,1,1,1,1,0,34,39,-5
Jacob Larsson,20-21,ANA,D,46,799.98,1,2,4,7,42,70,104,1.27,2.38,1.43,1.81,59,24,4,37,72,7,0,0,0,-7,0,0,0
Jacob MacDonald,20-21,COL,D,33,493.37,1,3,5,9,49,74,115,2.06,2.04,1.35,2.78,31,8,8,38,44,4,2,0,0,-2,0,0,0
Jacob Trouba,20-21,NYR,D,38,816.67,2,5,5,12,70,99,156,3.36,2.86,2.02,3.39,84,24,17,111,52,11,7,0,0,-4,0,0,0
Jaden Schwartz,20-21,STL,C,40,708.13,8,6,7,21,71,96,124,7.04,11.27,8.33,7.33,26,15,18,40,41,10,9,0,0,-1,7,6,1
Jake Bean,20-21,CAR,D,42,610.58,1,6,5,12,55,81,116,2.81,1.82,1.23,3.47,21,18,11,17,49,5,4,0,0,-1,0,0,0
Jake Debrusk,20-21,BOS,L,41,610.65,5,5,4,14,92,108,127,8.86,5.43,4.63,8.2,20,10,24,33,47,3,8,0,0,5,6,9,-3
Jake Evans,20-21,MTL,C,47,556.25,3,6,4,13,55,73,91,5.11,5.45,4.11,7,26,16,12,79,73,7,13,1,1,6,203,202,1
Jake Gardiner,20-21,CAR,D,26,417.23,0,4,4,8,23,35,62,0.89,0,0,2.54,15,13,5,15,59,3,0,1,1,-3,0,0,0
Jake Guentzel,20-21,PIT,C,56,1134.97,23,20,14,57,141,184,238,20.71,16.31,12.5,11.26,32,23,17,43,115,14,20,0,0,6,3,9,-6
Jake McCabe,20-21,BUF,D,13,249.37,1,0,2,3,15,21,29,0.67,6.67,4.76,3.19,15,4,6,22,18,2,3,1,1,1,0,0,0
Jake Muzzin,20-21,TOR,D,53,1143.85,4,9,14,27,103,133,192,3.84,3.88,3.01,2.89,94,62,24,101,146,12,4,1,1,-8,0,0,0
Jake Virtanen,20-21,VAN,R,38,465.6,5,0,0,5,50,72,98,5.57,10,6.94,7.74,12,11,15,83,46,13,11,1,1,-2,9,4,5
Jake Walman,20-21,STL,D,24,347.1,1,1,0,2,47,61,85,2.06,2.13,1.64,3.38,20,16,6,26,19,4,6,0,0,2,0,0,0
Jakob Chychrun,20-21,ARI,D,56,1309.73,18,13,10,41,176,256,355,9.12,10.23,7.03,3.56,89,36,20,59,71,21,11,0,0,-10,0,0,0
Jakob Silfverberg,20-21,ANA,R,47,796.35,8,3,5,16,91,136,172,8.2,8.79,5.88,6.03,26,16,25,19,62,10,4,0,0,-6,9,13,-4
Jakub Voracek,20-21,PHI,R,53,896.6,9,18,16,43,104,142,195,10.31,8.65,6.34,7.26,20,27,19,17,56,9,20,0,0,11,7,10,-3
Jakub Vrana,20-21,DET/WSH,L,50,750.35,19,11,6,36,100,148,196,11.32,19,12.84,7.65,8,31,20,29,22,5,4,0,0,-1,4,5,-1
Jakub Zboril,20-21,BOS,D,42,716.22,0,4,5,9,35,51,82,1.04,0,0,2.04,33,14,6,63,86,10,8,0,0,-2,0,0,0
Jalen Chatfield,20-21,VAN,D,18,241.87,0,1,0,1,14,16,26,0.3,0,0,1.88,10,3,4,11,24,6,3,0,0,-3,0,0,0
James Neal,20-21,EDM,L,29,351.02,5,3,2,10,51,66,88,4.26,9.8,7.58,6.45,6,11,8,26,31,3,1,1,1,-2,2,5,-3
James Van Riemsdyk,20-21,PHI,L,56,926.45,17,11,15,43,132,169,197,14.78,12.88,10.06,8.75,16,10,20,40,71,7,5,0,0,-2,9,9,0
Jamie Benn,20-21,DAL,L,52,924.75,11,14,10,35,124,165,209,12.94,8.87,6.67,7.84,27,36,18,73,51,9,4,1,1,-5,268,210,58
Jamie Drysdale,20-21,ANA,D,24,469.98,3,1,4,8,28,47,69,1.09,10.71,6.38,2.32,23,19,6,7,16,4,2,0,0,-2,0,0,0
Jamie Oleksiak,20-21,DAL,D,56,1146.73,6,3,5,14,84,109,145,4.21,7.14,5.5,3.86,88,41,17,148,91,10,6,3,3,-4,0,0,0
Jan Rutta,20-21,T.B,D,35,560.75,0,4,4,8,46,72,103,1.91,0,0,2.65,32,11,1,30,63,11,7,0,0,-4,0,0,0
Jani Hakanpaa,20-21,ANA/CAR,D,57,1027.2,2,2,0,4,54,80,122,2.35,3.7,2.5,2.94,83,36,3,215,123,15,4,1,1,-11,0,0,0
Janne Kuokkanen,20-21,N.J,C,50,738.72,8,9,8,25,61,97,113,8.1,13.11,8.25,8.35,19,14,22,10,59,7,11,0,0,4,1,8,-7
Jansen Harkins,20-21,WPG,C,26,218.32,1,1,0,2,16,21,29,2.54,6.25,4.76,12.1,3,2,1,11,11,2,3,0,0,1,11,7,4
Jared McCann,20-21,PIT,C,43,606.9,14,12,6,32,94,125,157,10.84,14.89,11.2,8.67,17,14,21,40,67,4,12,0,0,8,56,73,-17
Jared Spurgeon,20-21,MIN,D,54,1192.77,7,7,11,25,94,138,192,6.05,7.45,5.07,4.38,102,11,17,52,68,3,4,0,0,1,0,0,0
Jaret Anderson-Dolan,20-21,L.A,C,34,459.33,7,2,2,11,37,49,65,3.59,18.92,14.29,7.33,20,7,4,52,38,3,2,0,0,-1,132,170,-38
Jarred Tinordi,20-21,BOS/NSH,D,21,359.1,0,1,0,1,30,42,53,0.51,0,0,1.21,30,5,6,56,53,3,2,1,3,1,0,0,0
Jason Demers,20-21,ARI,D,41,706.77,0,2,2,4,44,63,95,1.79,0,0,2.84,30,14,10,69,54,13,2,0,0,-11,0,0,0
Jason Dickinson,20-21,DAL,C,51,825.9,7,4,4,15,66,93,126,6.26,10.61,7.53,6.73,49,17,28,78,65,9,15,0,0,6,137,159,-22
Jason Robertson,20-21,DAL,L,51,861.22,17,21,7,45,128,158,205,12.34,13.28,10.76,7.81,13,28,19,28,54,8,7,0,0,-1,5,2,3
Jason Spezza,20-21,TOR,C,54,595.58,10,15,5,30,81,112,138,9.02,12.35,8.93,8.05,10,28,15,26,49,3,7,0,0,4,275,208,67
Jason Zucker,20-21,PIT,L,38,596.13,9,6,3,18,67,95,119,7.28,13.43,9.47,7.66,15,13,18,69,45,8,6,1,1,-2,3,7,-4
Jay Beagle,20-21,VAN,C,30,375.57,1,3,1,5,21,32,38,3.05,4.76,3.12,9.53,8,4,11,34,16,4,7,0,0,3,173,135,38
Jayce Hawryluk,20-21,VAN,C,30,289.22,2,3,0,5,18,24,33,2.29,11.11,8.33,9.54,11,12,5,43,17,2,2,1,1,0,1,1,0
Jayson Megna,20-21,COL,C,7,71.77,0,2,0,2,12,13,15,1.14,0,0,8.77,3,0,1,14,5,0,3,0,0,3,12,10,2
Jean-Gabriel Pageau,20-21,NYI,C,54,906.67,14,8,6,28,81,110,130,11.44,17.28,12.73,10.4,58,19,17,111,71,5,9,0,0,4,472,361,111
Jeff Carter,20-21,L.A/PIT,C,54,894.52,17,8,5,30,154,189,226,14.68,11.04,8.99,7.77,30,16,20,41,40,11,2,0,0,-9,153,161,-8
Jeff Petry,20-21,MTL,D,55,1250.57,12,13,17,42,128,171,259,6.25,9.38,7.02,3.65,60,75,10,97,93,10,9,0,0,-1,0,0,0
Jeff Skinner,20-21,BUF,C,53,767.4,7,4,3,14,111,153,189,10.55,6.31,4.58,6.9,12,30,30,20,36,7,19,0,0,12,28,32,-4
Jeffrey Viel,20-21,S.J,L,11,79.95,0,0,0,0,10,11,15,1.05,0,0,9.55,0,1,0,22,14,4,2,3,3,-2,0,0,0
Jeremy Davies,20-21,NSH,D,16,240.65,0,1,0,1,19,25,35,1,0,0,4,7,9,3,11,22,4,3,0,0,-1,0,0,0
Jeremy Lauzon,20-21,BOS,D,41,767.13,1,5,2,8,48,65,98,1.36,2.08,1.54,2.09,53,20,7,98,80,10,7,2,2,-3,0,0,0
Jesper Boqvist,20-21,N.J,C,28,312.33,4,2,1,7,34,52,63,3.85,11.76,7.69,7.4,10,10,8,15,34,1,4,0,0,3,28,45,-17
Jesper Bratt,20-21,N.J,L,46,739.5,7,11,12,30,101,144,181,10.21,6.93,4.86,7.09,18,22,17,31,38,4,8,0,0,4,3,6,-3
Jesper Fast,20-21,CAR,R,46,703.65,6,5,8,19,38,54,69,6.35,15.79,11.11,11.76,23,11,5,78,92,7,7,0,0,0,13,25,-12
Jesperi Kotkaniemi,20-21,MTL,C,56,828.62,5,9,6,20,87,111,158,8.58,5.75,4.5,7.73,27,24,33,84,74,6,8,0,0,2,263,286,-23
Jesse Puljujarvi,20-21,EDM,R,55,832.05,15,5,5,25,115,151,179,15.34,13.04,9.93,10.16,20,30,23,101,99,8,15,0,0,7,0,3,-3
Jimmy Vesey,20-21,TOR/VAN,L,50,635.42,5,4,1,10,58,81,93,5.98,8.62,6.17,7.38,19,10,12,38,36,5,7,0,1,3,3,9,-6
Joakim Nordstrom,20-21,CGY,C,44,508.47,1,1,5,7,46,68,81,4.59,2.17,1.47,6.75,30,11,10,92,39,3,8,0,0,5,5,10,-5
Joakim Nygard,20-21,EDM,L,9,82.33,0,0,0,0,6,7,8,0.25,0,0,3.57,0,3,3,4,12,2,4,0,0,2,1,0,1
Joe Pavelski,20-21,DAL,C,56,1065.23,25,14,12,51,139,211,242,18.58,17.99,11.85,8.81,39,20,17,64,45,8,12,0,0,4,362,334,28
Joe Thornton,20-21,TOR,C,44,603.68,5,8,7,20,42,56,66,4.21,11.9,8.93,7.52,10,29,13,32,28,7,6,0,0,-1,39,29,10
Joe Veleno,20-21,DET,C,5,75.52,1,0,0,1,8,10,16,0.99,12.5,10,9.9,4,0,1,7,2,2,1,0,0,-1,17,17,0
Joel Armia,20-21,MTL,R,41,602.97,7,5,2,14,73,93,123,5.7,9.59,7.53,6.13,13,18,18,86,33,5,8,0,0,3,6,16,-10
Joel Edmundson,20-21,MTL,D,55,1102.6,3,3,7,13,77,119,180,3.57,3.9,2.52,3,75,69,6,98,78,10,7,1,1,-3,0,0,0
Joel Eriksson Ek,20-21,MIN,C,56,955.25,19,9,2,30,120,150,170,17.83,15.83,12.67,11.89,37,10,21,105,81,10,18,0,0,8,395,444,-49
Joel Farabee,20-21,PHI,L,55,881,20,12,6,38,122,160,189,13.3,16.39,12.5,8.31,21,20,27,48,77,9,9,2,2,0,6,9,-3
Joel Hanley,20-21,DAL,D,35,455.62,0,2,6,8,27,39,51,0.85,0,0,2.18,30,7,4,40,55,2,4,0,0,2,0,0,0
Joel Kellman,20-21,S.J,C,7,74.73,1,1,0,2,13,15,19,0.9,7.69,6.67,6,2,0,3,5,3,3,1,0,0,-2,27,28,-1
Joel Kiviranta,20-21,DAL,L,26,316.52,6,4,1,11,31,41,54,4.21,19.35,14.63,10.27,11,3,7,40,36,3,2,0,0,-1,1,6,-5
Joel L'Esperance,20-21,DAL,R,12,112.95,2,0,0,2,8,18,20,0.66,25,11.11,3.67,0,3,1,16,5,1,1,0,0,0,7,10,-3
Johan Larsson,20-21,ARI,L,52,726.92,8,2,4,14,58,85,106,6.3,13.79,9.41,7.41,34,6,22,77,78,7,13,2,3,7,296,313,-17
John Carlson,20-21,WSH,D,52,1236.67,10,17,17,44,128,191,251,8.03,7.81,5.24,4.2,69,21,24,52,58,6,4,0,0,-2,0,0,0
John Hayden,20-21,ARI,C,29,284.6,2,2,1,5,21,28,38,1.51,9.52,7.14,5.39,16,4,4,84,33,6,4,5,5,-2,4,9,-5
John Klingberg,20-21,DAL,D,53,1202.88,7,13,16,36,108,155,231,5.63,6.48,4.52,3.63,52,51,17,49,122,10,11,1,1,1,0,0,0
John Leonard,20-21,S.J,L,44,494.85,3,7,3,13,60,87,104,5.35,5,3.45,6.15,17,11,13,25,33,1,2,0,0,1,0,1,-1
John Marino,20-21,PIT,D,52,1078.15,3,5,5,13,56,79,106,2.35,5.36,3.8,2.97,50,21,29,48,94,4,5,0,0,1,0,0,0
John Moore,20-21,BOS,D,5,104.93,0,2,0,2,8,10,15,0.2,0,0,2,6,4,0,9,11,1,0,0,0,-1,0,0,0
John Tavares,20-21,TOR,C,56,1019.03,19,18,13,50,163,222,278,23.07,11.66,8.56,10.39,28,55,32,51,81,7,13,0,0,6,471,381,90
Johnny Gaudreau,20-21,CGY,L,56,1031.17,19,22,8,49,112,156,197,12.79,16.96,12.18,8.2,9,59,23,8,29,3,18,0,0,15,0,1,-1
Jon Merrill,20-21,DET/MTL,D,49,894.57,0,4,1,5,41,63,92,1.39,0,0,2.21,70,31,7,34,80,8,4,0,0,-4,0,0,0
Jonas Brodin,20-21,MIN,D,53,1189.02,9,7,7,23,80,104,166,4.83,11.25,8.65,4.64,99,19,14,35,93,9,7,0,0,-2,0,0,0
Jonas Siegenthaler,20-21,N.J/WSH,D,15,234.25,0,0,0,0,7,18,29,0.26,0,0,1.44,17,10,3,20,16,2,1,0,0,-1,0,0,0
Jonathan Drouin,20-21,MTL,L,44,707.95,2,12,9,23,76,96,121,6.62,2.63,2.08,6.9,7,23,17,42,25,10,4,0,0,-6,21,24,-3
Jonathan Huberdeau,20-21,FLA,C,55,1012.57,20,22,19,61,123,153,190,13.79,16.26,13.07,9.01,11,43,37,51,50,13,22,0,0,9,17,22,-5
Jonathan Marchessault,20-21,VGK,C,55,958.3,18,17,9,44,176,241,331,16.81,10.23,7.47,6.98,14,22,29,44,60,12,11,1,1,-1,41,47,-6
Jonny Brodzinski,20-21,NYR,C,5,56.67,1,0,0,1,7,8,8,0.32,14.29,12.5,4,2,1,0,4,4,2,0,0,0,-2,0,1,-1
Joonas Donskoi,20-21,COL,R,51,741.5,17,9,5,31,86,122,149,14,19.77,13.93,11.48,25,10,18,14,63,5,6,0,0,1,13,18,-5
Jordan Eberle,20-21,NYI,C,55,921.7,16,9,8,33,128,173,203,15.21,12.5,9.25,8.79,18,15,15,30,90,8,12,0,0,4,3,4,-1
Jordan Greenway,20-21,MIN,L,56,884.5,6,15,11,32,80,111,142,7.64,7.5,5.41,6.88,28,18,16,87,67,22,14,1,1,-8,16,17,-1
Jordan Gross,20-21,ARI,D,7,92.32,0,1,2,3,10,15,23,0.19,0,0,1.27,8,4,0,6,7,1,0,0,0,-1,0,0,0
Jordan Kyrou,20-21,STL,C,55,793.32,14,16,5,35,98,139,171,11.21,14.29,10.07,8.06,13,22,32,7,77,6,12,0,0,6,6,6,0
Jordan Martinook,20-21,CAR,L,44,561.3,4,6,3,13,62,83,97,6.86,6.45,4.82,8.27,20,10,11,90,62,10,9,1,1,-1,78,88,-10
Jordan Oesterle,20-21,ARI,D,43,769.75,1,5,5,11,38,61,86,2.5,2.63,1.64,4.1,64,21,2,45,78,5,1,0,0,-4,1,0,1
Jordan Staal,20-21,CAR,C,53,979.73,16,10,12,38,103,144,168,15.87,15.53,11.11,11.02,24,21,15,135,67,15,8,0,0,-7,628,455,173
Jordie Benn,20-21,VAN/WPG,D,39,575.45,1,5,4,10,45,64,92,1.5,2.22,1.56,2.34,51,19,5,19,31,2,0,1,1,-2,0,0,0
Josh Anderson,20-21,MTL,R,52,853.75,17,4,3,24,125,183,218,13.77,13.6,9.29,7.52,25,12,17,139,82,14,11,2,2,-3,7,5,2
Josh Archibald,20-21,EDM,R,52,704.32,7,4,2,13,62,86,103,9.81,11.29,8.14,11.41,35,15,14,192,66,11,8,1,1,-3,4,4,0
Josh Bailey,20-21,NYI,C,54,944.98,8,15,12,35,77,98,122,7.22,10.39,8.16,7.37,19,39,19,13,32,2,0,0,0,-2,14,18,-4
Josh Brown,20-21,OTT,D,26,367.67,0,1,0,1,8,17,31,0.3,0,0,1.76,40,15,3,71,25,10,5,2,2,-5,0,0,0
Josh Dunne,20-21,CBJ,C,6,62.32,0,0,0,0,7,8,10,0.55,0,0,6.88,7,0,1,12,9,2,1,0,0,-1,6,28,-22
Josh Leivo,20-21,CGY,L,38,408.48,6,1,2,9,50,76,94,5.23,12,7.89,6.88,2,10,16,33,20,5,5,0,0,0,3,9,-6
Josh Mahura,20-21,ANA,D,13,206.67,1,2,1,4,14,21,34,0.38,7.14,4.76,1.81,9,9,1,10,29,2,1,0,0,-1,0,0,0
Josh Manson,20-21,ANA,D,23,413.58,1,4,2,7,19,26,48,0.64,5.26,3.85,2.46,31,13,6,61,39,10,2,2,2,-8,0,0,0
Josh Morrissey,20-21,WPG,D,56,1318.72,4,9,8,21,116,162,246,5.14,3.45,2.47,3.17,86,42,14,78,22,11,2,1,1,-9,0,0,0
Josh Norris,20-21,OTT,C,56,922.23,17,8,10,35,96,134,168,11.39,17.71,12.69,8.5,34,28,17,72,73,4,10,1,1,6,379,345,34
Juho Lammikko,20-21,FLA,L,44,476.57,4,0,1,5,43,57,70,3.66,9.3,7.02,6.42,16,12,7,50,21,5,4,0,0,-1,124,152,-28
Jujhar Khaira,20-21,EDM,L,40,481.97,3,3,5,11,41,60,73,3.77,7.32,5,6.28,21,11,7,151,42,6,3,4,4,-3,171,207,-36
Julien Gauthier,20-21,NYR,R,30,289.28,2,5,1,8,38,47,56,3.78,5.26,4.26,8.04,9,9,5,56,27,7,9,0,0,2,4,4,0
Justin Braun,20-21,PHI,D,53,982.07,1,1,4,6,59,82,119,1.77,1.69,1.22,2.16,73,31,7,78,60,9,2,0,0,-7,0,0,0
Justin Dowling,20-21,DAL,C,27,298.92,1,3,1,5,27,40,55,2.32,3.7,2.5,5.8,3,6,6,17,23,3,3,0,0,0,43,43,0
Justin Faulk,20-21,STL,D,56,1358.53,7,6,12,25,117,149,223,5.62,5.98,4.7,3.77,87,35,24,127,67,15,5,1,1,-10,0,0,0
Justin Holl,20-21,TOR,D,55,1158.47,2,7,11,20,57,81,117,2.36,3.51,2.47,2.91,84,41,17,82,128,10,10,1,1,0,0,0,0
Justin Schultz,20-21,WSH,D,46,874.73,3,19,5,27,67,96,130,3.23,4.48,3.12,3.36,49,25,12,28,68,6,4,0,0,-2,0,0,0
Juuso Valimaki,20-21,CGY,D,49,756.15,2,5,4,11,72,98,146,2.54,2.78,2.04,2.59,60,28,9,28,71,13,5,0,0,-8,0,0,0
K'Andre Miller,20-21,NYR,D,53,1118.82,5,2,5,12,62,89,136,2.7,8.06,5.62,3.03,77,45,33,93,47,10,6,0,0,-4,0,0,0
Kaapo Kakko,20-21,NYR,R,48,688.35,9,3,5,17,81,110,136,9.06,11.11,8.18,8.24,16,11,31,14,41,5,9,0,0,4,3,4,-1
Kailer Yamamoto,20-21,EDM,R,52,850.63,8,10,3,21,70,100,118,11.26,11.43,8,11.26,40,21,32,52,101,13,13,0,0,0,0,1,-1
Kale Clague,20-21,L.A,D,18,308.87,0,2,4,6,24,33,46,0.6,0,0,1.82,13,7,1,9,16,2,2,0,0,0,0,0,0
Karson Kuhlman,20-21,BOS,C,20,212.97,2,0,0,2,31,39,47,1.92,6.45,5.13,4.92,4,1,2,27,21,0,2,0,0,2,2,2,0
Kasperi Kapanen,20-21,PIT,R,40,621.27,11,8,11,30,68,85,112,5.8,16.18,12.94,6.82,8,21,16,41,51,1,4,1,1,3,0,1,-1
Keegan Kolesar,20-21,VGK,R,44,420.03,3,4,6,13,46,66,76,6.21,6.52,4.55,9.41,15,7,9,107,67,5,7,4,4,2,62,73,-11
Keith Yandle,20-21,FLA,D,56,965.53,3,16,8,27,113,143,217,4.01,2.65,2.1,2.8,27,32,13,18,12,19,5,0,0,-14,0,0,0
Kevan Miller,20-21,BOS,D,28,533.82,1,0,3,4,27,46,66,0.99,3.7,2.17,2.15,37,12,6,64,74,5,4,2,2,-1,0,0,0
Kevin Bahl,20-21,N.J,D,7,118.42,0,0,2,2,5,6,10,0.09,0,0,1.5,6,4,2,18,7,0,0,0,0,0,0,0,0
Kevin Connauton,20-21,FLA,D,7,99.5,0,0,1,1,5,9,12,0.14,0,0,1.56,3,5,0,12,14,1,0,1,1,-1,0,0,0
Kevin Fiala,20-21,MIN,L,50,844.98,20,12,8,40,162,227,290,16.93,12.35,8.81,7.46,13,45,41,27,53,14,16,1,0,1,5,10,-5
Kevin Hayes,20-21,PHI,R,55,963.73,12,13,6,31,127,178,226,14.81,9.45,6.74,8.32,14,27,22,60,30,11,11,0,0,0,234,244,-10
Kevin Labanc,20-21,S.J,R,55,903.25,12,11,5,28,128,173,228,13.83,9.38,6.94,7.99,15,24,17,61,45,13,17,1,1,4,0,1,-1
Kevin Rooney,20-21,NYR,C,54,667,8,3,3,14,62,77,91,6.93,12.9,10.39,9,35,13,11,110,71,7,8,4,4,1,197,241,-44
Kevin Shattenkirk,20-21,ANA,D,55,1166.27,2,6,7,15,93,125,187,4.71,2.15,1.6,3.77,58,27,14,57,74,14,8,0,0,-6,0,0,0
Kevin Stenlund,20-21,CBJ,C,32,400.93,5,4,1,10,42,57,75,3.99,11.9,8.77,7,13,8,6,17,45,4,6,0,0,2,103,115,-12
Kiefer Sherwood,20-21,COL,L,16,140.75,0,1,2,3,18,24,40,2.26,0,0,9.42,6,2,3,40,13,0,1,0,0,1,1,1,0
Kieffer Bellows,20-21,NYI,L,14,154.28,3,0,0,3,19,25,36,1.55,15.79,12,6.2,5,2,2,36,11,2,4,0,0,2,2,2,0
Kirby Dach,20-21,CHI,C,18,334.28,2,6,2,10,26,40,50,3.65,7.69,5,9.12,12,4,18,7,64,2,6,0,0,4,77,114,-37
Kirill Kaprizov,20-21,MIN,L,55,1006.37,27,17,7,51,157,228,280,18.95,17.2,11.84,8.31,18,35,27,29,60,8,25,0,0,17,3,21,-18
Kole Lind,20-21,VAN,R,7,92.05,0,0,0,0,4,7,12,0.31,0,0,4.43,3,2,2,8,4,0,0,0,0,0,0,0,0
Kole Sherwood,20-21,CBJ,R,6,62.12,0,0,1,1,7,7,7,0.44,0,0,6.29,0,0,1,22,10,1,0,1,1,-1,0,0,0
Kris Letang,20-21,PIT,D,55,1355.67,7,26,12,45,132,179,261,5.18,5.3,3.91,2.89,65,55,23,92,94,16,8,0,0,-8,0,1,-1
Kris Russell,20-21,EDM,D,35,643.72,0,4,5,9,41,55,88,1.8,0,0,3.27,75,29,8,41,64,4,4,0,0,0,0,0,0
Kristian Vesalainen,20-21,WPG,L,12,104.22,0,1,0,1,5,8,10,0.47,0,0,5.88,5,2,2,8,10,0,1,0,0,1,0,0,0
Kurtis Gabriel,20-21,S.J,R,11,84.33,0,0,0,0,4,9,11,0.71,0,0,7.89,10,0,1,46,23,5,2,5,4,-4,0,0,0
Kurtis MacDermid,20-21,L.A,D,28,373.93,2,0,2,4,16,29,42,1.11,12.5,6.9,3.83,35,17,2,46,16,8,2,4,4,-6,0,0,0
Kyle Burroughs,20-21,COL,D,5,50.4,0,0,1,1,3,6,8,0.1,0,0,1.67,2,1,1,10,11,0,1,1,1,1,0,0,0
Kyle Clifford,20-21,STL,L,50,496.58,4,3,0,7,65,87,105,5.22,6.15,4.6,6,17,13,8,69,58,5,6,4,4,1,6,6,0
Kyle Connor,20-21,WPG,L,56,1049.35,26,13,11,50,166,228,302,19.3,15.66,11.4,8.46,18,32,37,18,54,6,9,0,0,3,6,4,2
Kyle Okposo,20-21,BUF,R,35,485.85,2,6,5,13,45,59,69,4.01,4.44,3.39,6.8,14,9,10,29,33,0,3,0,0,3,26,22,4
Kyle Palmieri,20-21,N.J/NYI,C,51,845.25,10,3,8,21,115,181,223,15.48,8.7,5.52,8.55,12,24,22,62,83,10,13,0,0,3,8,12,-4
Kyle Rau,20-21,MIN,C,14,133.82,0,1,1,2,15,19,25,1.28,0,0,6.74,15,1,4,23,13,2,2,1,1,0,0,0,0
Kyle Turris,20-21,EDM,C,27,332.62,2,3,0,5,27,37,51,2.69,7.41,5.41,7.27,8,7,8,16,17,5,2,0,0,-3,97,107,-10
Lane Pederson,20-21,ARI,C,15,166.15,1,1,1,3,15,24,26,1.9,6.67,4.17,7.92,2,2,3,39,12,1,1,0,0,0,39,39,0
Lars Eller,20-21,WSH,C,44,719.07,8,6,9,23,69,107,134,9.22,11.59,7.48,8.62,16,20,19,36,43,8,11,1,2,4,332,327,5
Lawson Crouse,20-21,ARI,L,51,729.15,4,8,1,13,70,112,135,8.62,5.71,3.57,7.7,30,11,20,155,44,8,11,2,2,3,20,23,-3
Leo Komarov,20-21,NYI,C,33,423.47,1,4,3,8,27,33,41,2.47,3.7,3.03,7.48,11,8,10,83,19,5,2,1,0,-4,26,41,-15
Leon Draisaitl,20-21,EDM,C,56,1242.55,31,30,23,84,168,229,302,22.59,18.45,13.54,9.86,12,71,56,37,97,11,12,0,0,1,574,457,117
Liam Foudy,20-21,CBJ,C,24,302.23,0,3,1,4,40,51,63,3.26,0,0,6.39,5,5,6,13,23,3,5,0,0,2,2,8,-6
Liam O'Brien,20-21,COL,C,12,78.83,0,2,1,3,6,8,11,0.43,0,0,5.38,2,1,0,28,6,5,5,2,2,0,0,0,0
Lias Andersson,20-21,L.A,C,23,277.52,3,3,0,6,23,31,37,3.24,13.04,9.68,10.45,9,5,3,8,25,6,9,0,0,3,20,32,-12
Libor Hajek,20-21,NYR,D,44,671.93,2,1,1,4,33,46,56,1.39,6.06,4.35,3.02,48,17,5,26,76,6,5,0,0,-1,0,0,0
Logan Couture,20-21,S.J,C,53,1020.92,17,6,8,31,114,154,196,14.12,14.91,11.04,9.17,39,16,27,58,50,10,8,1,1,-2,444,456,-12
Logan O'Connor,20-21,COL,R,22,240.7,3,2,0,5,37,53,63,5.27,8.11,5.66,9.94,12,2,14,29,27,3,5,0,0,2,2,2,0
Logan Stanley,20-21,WPG,D,37,489.23,1,0,3,4,63,96,131,1.91,1.59,1.04,1.99,31,21,7,49,46,8,4,2,2,-4,0,0,0
Loui Eriksson,20-21,VAN,L,7,67.05,0,1,0,1,5,5,7,0.25,0,0,5,1,0,6,1,5,1,1,0,0,0,1,0,1
Lucas Carlsson,20-21,CHI,D,12,156.73,0,1,0,1,10,12,18,0.29,0,0,2.42,3,3,2,6,7,1,0,0,0,-1,0,0,0
Lucas Wallmark,20-21,CHI/FLA,C,20,227.7,0,1,2,3,11,14,20,0.8,0,0,5.71,6,5,5,25,22,4,2,0,0,-2,67,95,-28
Luke Glendening,20-21,DET,C,54,799.43,6,5,4,15,67,92,110,6.78,8.96,6.52,7.37,57,7,10,68,66,10,7,0,0,-3,523,336,187
Luke Johnson,20-21,MIN,C,14,141.45,1,0,0,1,11,16,20,0.49,9.09,6.25,3.06,4,0,2,29,14,0,2,1,1,2,44,43,1
Luke Kunin,20-21,NSH,C,38,531.67,10,6,3,19,71,100,117,7.69,14.08,10,7.69,20,9,8,84,37,4,5,1,1,1,15,30,-15
Luke Schenn,20-21,T.B,D,38,408.77,2,2,0,4,43,65,91,1.6,4.65,3.08,2.46,17,10,6,99,63,9,1,5,5,-8,0,0,0
Mackenzie MacEachern,20-21,STL,L,21,203.73,1,1,0,2,25,26,28,1.85,4,3.85,7.12,2,1,1,35,26,4,0,0,0,-4,1,1,0
MacKenzie Weegar,20-21,FLA,D,54,1194.27,6,13,17,36,101,135,182,4.69,5.94,4.44,3.47,83,52,44,118,96,16,12,1,1,-4,0,0,0
Marc Michaelis,20-21,VAN,L,15,136.22,0,0,0,0,3,8,12,0.79,0,0,9.88,10,3,3,12,10,1,0,0,0,-1,3,2,1
Marc Staal,20-21,DET,D,56,1030.88,3,4,3,10,53,72,99,3.01,5.66,4.17,4.18,45,36,9,58,44,11,5,0,0,-6,0,0,0
Marc-Edouard Vlasic,20-21,S.J,D,51,893.08,1,2,3,6,37,62,87,1.39,2.7,1.61,2.24,64,15,10,40,51,4,2,0,0,-2,0,0,0
Marco Scandella,20-21,STL,D,49,977.47,3,1,5,9,55,64,113,2.29,5.45,4.69,3.58,64,29,19,60,66,12,4,0,0,-8,0,0,0
Marcus Foligno,20-21,MIN,L,39,583.53,11,7,8,26,40,56,62,5.06,27.5,19.64,9.04,17,14,15,109,57,12,7,5,5,-5,2,9,-7
Marcus Johansson,20-21,MIN,L,36,573.7,6,5,3,14,46,66,85,4.57,13.04,9.09,6.92,12,19,10,12,32,2,5,0,0,3,32,53,-21
Marcus Pettersson,20-21,PIT,D,47,774.8,2,3,4,9,46,68,94,1.75,4.35,2.94,2.57,39,12,10,51,126,11,2,0,0,-9,0,0,0
Marcus Sorensen,20-21,S.J,L,29,350.6,1,3,1,5,26,43,50,3.95,3.85,2.33,9.19,11,9,11,22,20,3,4,2,2,1,3,4,-1
Marian Studenic,20-21,N.J,R,8,86.25,1,0,1,2,7,8,9,0.54,14.29,12.5,6.75,4,1,0,13,11,2,0,0,0,-2,0,0,0
Mario Ferraro,20-21,S.J,D,56,1255.83,1,7,9,17,58,80,106,2.77,1.72,1.25,3.46,96,20,30,155,104,11,5,0,0,-6,0,0,0
Mark Borowiecki,20-21,NSH,D,22,300.88,0,0,1,1,18,32,47,0.48,0,0,1.5,37,5,1,54,18,9,1,2,2,-8,0,0,0
Mark Friedman,20-21,PHI/PIT,D,9,99.42,2,0,1,3,9,11,12,1.39,22.22,18.18,12.64,7,2,0,14,27,2,5,1,1,3,0,1,-1
Mark Giordano,20-21,CGY,D,56,1284.65,9,6,11,26,142,212,306,5.48,6.34,4.25,2.58,110,41,21,51,95,7,9,0,0,2,0,0,0
Mark Jankowski,20-21,PIT,C,45,481.38,4,2,5,11,35,45,62,4.37,11.43,8.89,9.71,21,3,14,35,53,3,2,0,0,-1,151,172,-21
Mark Pysyk,20-21,DAL,D,36,421.58,3,1,0,4,51,64,81,3,5.88,4.69,4.69,16,14,6,36,40,10,3,0,0,-7,0,0,0
Mark Scheifele,20-21,WPG,C,56,1173.9,21,20,22,63,126,163,205,16.3,16.67,12.88,10,38,37,48,31,105,6,14,0,0,8,352,355,-3
Mark Stone,20-21,VGK,R,55,1048.35,21,26,14,61,98,145,173,16.7,21.43,14.48,11.52,33,24,58,31,52,9,8,2,2,-1,12,18,-6
Markus Nutivaara,20-21,FLA,D,30,478.83,0,3,7,10,45,64,84,2.66,0,0,4.16,13,11,8,35,55,6,2,0,0,-4,0,0,0
Martin Necas,20-21,CAR,C,53,916.45,14,17,10,41,114,157,188,14.5,12.28,8.92,9.24,32,49,17,45,76,5,8,0,0,3,36,42,-6
Mason Appleton,20-21,WPG,C,56,806.18,12,7,6,25,88,119,140,9.98,13.64,10.08,8.39,22,21,13,61,88,7,11,0,0,4,7,6,1
Mason Marchment,20-21,FLA,L,33,466.32,2,5,3,10,50,75,90,5.4,4,2.67,7.2,8,11,13,73,79,9,13,0,0,4,13,21,-8
Mathew Barzal,20-21,NYI,C,55,1029.78,17,14,14,45,134,173,217,17.04,12.69,9.83,9.85,13,45,28,22,70,19,19,0,0,0,152,198,-46
Mathias Brome,20-21,DET,L,26,354.85,1,1,0,2,22,34,38,3.01,4.55,2.94,8.85,7,10,12,19,20,4,4,0,0,0,1,2,-1
Mathieu Joseph,20-21,T.B,R,56,612.22,12,4,3,19,59,75,92,5.86,20.34,16,7.81,15,12,12,82,71,5,10,0,0,5,43,69,-26
Mathieu Olivier,20-21,NSH,R,30,327.62,3,1,1,5,25,33,38,2.06,12,9.09,6.24,19,3,1,62,30,16,3,4,4,-13,4,4,0
Mathieu Perreault,20-21,WPG,C,56,654.77,9,8,2,19,57,79,107,7.85,15.79,11.39,9.94,18,18,15,84,31,8,12,0,0,4,5,8,-3
Mats Zuccarello,20-21,MIN,C,42,700.63,11,15,9,35,74,111,143,7.32,14.86,9.91,6.59,19,18,18,12,26,4,7,0,0,3,11,21,-10
Matt Benning,20-21,NSH,D,53,865.4,1,0,3,4,43,64,97,0.91,2.33,1.56,1.42,53,28,3,55,73,10,11,0,0,1,0,0,0
Matt Calvert,20-21,COL,L,18,248.58,0,2,1,3,26,32,45,2.66,0,0,8.31,8,0,6,12,26,3,5,0,0,2,0,1,-1
Matt Duchene,20-21,NSH,C,34,538.3,6,5,2,13,73,102,126,8.42,8.22,5.88,8.25,10,15,13,30,25,3,12,0,0,9,162,139,23
Matt Dumba,20-21,MIN,D,51,1136.27,6,9,6,21,89,134,186,6.02,6.74,4.48,4.49,75,32,11,74,39,13,9,0,0,-4,0,0,0
Matt Grzelcyk,20-21,BOS,D,37,730.52,5,9,6,20,80,97,126,2.65,6.25,5.15,2.73,34,11,14,19,38,11,1,0,0,-10,0,0,0
Matt Irwin,20-21,BUF,D,24,390.02,0,2,0,2,27,36,46,0.77,0,0,2.14,43,7,7,56,30,7,2,1,1,-5,0,0,0
Matt Kiersted,20-21,FLA,D,7,106.2,0,0,0,0,6,9,11,0.33,0,0,3.67,10,7,1,1,16,1,1,0,0,0,0,0,0
Matt Luff,20-21,L.A,R,13,136.28,1,0,0,1,18,29,33,1.72,5.56,3.45,5.93,6,4,2,8,5,0,2,1,1,2,2,3,-1
Matt Martin,20-21,NYI,L,54,597.73,6,4,1,11,68,82,93,6.08,8.82,7.32,7.41,23,6,11,181,42,8,6,2,2,-2,3,9,-6
Matt Nieto,20-21,S.J,L,28,391.85,5,2,0,7,45,52,57,4.89,11.11,9.62,9.4,19,5,7,25,31,2,1,0,0,-1,4,3,1
Matt Roy,20-21,L.A,D,44,847.18,2,1,7,10,57,91,146,2.53,3.51,2.2,2.78,67,25,4,61,81,4,4,0,1,1,0,0,0
Matt Tennyson,20-21,N.J,D,21,304.6,1,2,0,3,14,22,29,0.36,7.14,4.55,1.64,25,8,1,32,26,1,1,0,0,0,0,0,0
Matthew Highmore,20-21,CHI/VAN,C,42,488.56,3,0,4,7,40,60,71,4.27,7.5,5,7.12,21,11,11,43,75,4,10,0,0,6,5,5,0
Matthew Tkachuk,20-21,CGY,L,56,1016.75,16,19,8,43,151,209,262,20.35,10.6,7.66,9.74,9,61,21,132,60,20,21,3,3,1,3,4,-1
Mattias Ekholm,20-21,NSH,D,48,1097.82,6,9,8,23,110,166,227,4.98,5.45,3.61,3,46,32,17,23,41,7,3,0,0,-4,0,0,0
Mattias Janmark,20-21,CHI/VGK,C,56,957.22,11,8,5,24,95,121,147,11.32,11.58,9.09,9.36,14,26,16,26,93,5,13,0,0,8,21,44,-23
Mattias Samuelsson,20-21,BUF,D,12,216.37,0,0,2,2,10,12,20,0.17,0,0,1.42,10,4,2,20,25,2,3,0,0,1,0,0,0
Max Comtois,20-21,ANA,L,55,849.9,16,13,4,33,94,145,181,12.81,17.02,11.03,8.83,34,39,20,93,47,15,8,2,2,-7,12,22,-10
Max Domi,20-21,CBJ,C,54,821.98,9,13,2,24,99,118,153,6.9,9.09,7.63,5.85,10,41,18,15,41,15,10,1,1,-5,192,204,-12
Max Jones,20-21,ANA,L,46,651.75,7,1,3,11,77,105,133,8.04,9.09,6.67,7.66,11,10,20,100,45,13,18,2,2,5,5,5,0
Max McCormick,20-21,CAR,L,12,93.83,2,0,1,3,5,5,7,0.48,40,40,9.6,2,0,1,16,11,2,0,1,1,-2,1,1,0
Max Pacioretty,20-21,VGK,L,48,861.08,24,15,12,51,174,231,285,16.81,13.79,10.39,7.28,29,17,15,33,66,7,8,0,0,1,20,23,-3
Michael Amadio,20-21,L.A/OTT,C,25,312.92,0,2,1,3,24,32,41,2.53,0,0,7.91,16,8,3,8,29,2,2,0,0,0,94,94,0
Michael Bunting,20-21,ARI,L,21,350.53,10,1,2,13,38,50,62,5.53,26.32,20,11.06,1,5,9,28,26,6,3,0,0,-3,7,5,2
Michael Chaput,20-21,ARI,C,13,122.23,0,0,0,0,3,6,11,0.46,0,0,7.67,8,3,2,19,10,5,0,0,0,-5,35,34,1
Michael Dal Colle,20-21,NYI,L,26,309.53,1,1,2,4,19,32,41,2.63,5.26,3.12,8.22,9,5,4,32,21,2,2,0,0,0,1,3,-2
Michael Del Zotto,20-21,CBJ,D,53,947.98,4,3,6,13,77,94,126,3.49,5.19,4.26,3.71,54,28,9,125,40,4,1,0,0,-3,0,0,0
Michael Frolik,20-21,MTL,R,8,91.53,0,0,0,0,14,17,25,0.76,0,0,4.47,1,1,2,9,9,0,1,0,0,1,6,4,2
Michael McCarron,20-21,NSH,R,6,61.75,0,0,0,0,3,6,8,0.59,0,0,9.83,0,0,2,12,3,3,2,0,0,-1,18,24,-6
Michael McLeod,20-21,N.J,C,52,718.28,9,3,3,15,60,84,104,6.99,15,10.71,8.32,20,23,25,89,69,11,5,4,4,-6,326,307,19
Michael Raffl,20-21,PHI/WSH,L,44,583.11,4,5,2,11,50,69,78,6.32,8,5.8,9.16,28,8,12,71,55,9,7,1,1,-2,32,28,4
Michael Rasmussen,20-21,DET,C,40,591.95,3,8,1,12,62,73,94,8.57,4.84,4.11,11.74,28,9,7,72,60,13,11,0,0,-2,134,168,-34
Michael Stone,20-21,CGY,D,21,337.67,2,1,1,4,41,55,78,1.49,4.88,3.64,2.71,27,14,5,24,26,3,2,0,0,-1,0,0,0
Mika Zibanejad,20-21,NYR,C,56,1125.62,24,17,9,50,171,250,316,21.49,14.04,9.6,8.6,44,45,39,75,53,9,11,0,0,2,479,555,-76
Mikael Backlund,20-21,CGY,C,54,950.1,9,9,14,32,144,191,244,13.39,6.25,4.71,7.01,21,49,48,43,46,15,10,0,0,-5,387,358,29
Mikael Granlund,20-21,NSH,C,51,992.38,13,9,5,27,74,107,134,10.64,17.57,12.15,9.94,42,27,23,46,66,7,12,0,0,5,243,226,17
Mike Hardman,20-21,CHI,L,8,87.9,1,1,1,3,5,8,10,1.02,20,12.5,12.75,6,1,2,38,15,0,1,0,0,1,1,1,0
Mike Hoffman,20-21,STL,C,52,783.33,17,9,10,36,113,138,185,8.61,15.04,12.32,6.24,12,20,21,29,23,5,6,0,0,1,6,3,3
Mike Matheson,20-21,PIT,D,44,820.1,5,6,5,16,86,111,155,3.85,5.81,4.5,3.47,40,23,22,41,79,15,6,0,0,-9,0,0,0
Mike Reilly,20-21,BOS/OTT,D,55,1060.25,0,8,19,27,98,134,169,2.95,0,0,2.2,43,43,16,70,66,11,5,0,0,-6,0,0,0
Mikey Anderson,20-21,L.A,D,54,1143.52,1,4,6,11,52,74,110,1.58,1.92,1.35,2.14,74,34,14,66,121,15,6,0,0,-9,0,0,0
Mikhail Grigorenko,20-21,CBJ,C,32,440.12,4,6,2,12,36,53,68,4.03,11.11,7.55,7.6,17,8,10,14,30,3,3,0,0,0,9,15,-6
Mikhail Maltsev,20-21,N.J,L,33,377.75,6,1,2,9,55,82,110,5.88,10.91,7.32,7.17,8,11,24,26,13,2,7,0,0,5,74,86,-12
Mikhail Sergachev,20-21,T.B,D,56,1230.33,4,14,12,30,108,154,218,5.88,3.7,2.6,3.82,73,34,12,66,85,15,6,0,0,-9,0,0,0
Mikko Koivu,20-21,CBJ,C,7,87.23,1,1,0,2,3,4,7,0.15,33.33,25,3.75,1,2,3,10,2,1,1,0,0,0,32,38,-6
Mikko Lehtonen (D),20-21,CBJ/TOR,D,26,412.9,0,3,3,6,33,44,58,1.39,0,0,3.16,15,10,8,30,47,5,2,0,0,-3,0,0,0
Mikko Rantanen,20-21,COL,R,52,1035.73,30,18,18,66,177,240,310,20.93,16.95,12.5,8.72,20,16,32,26,70,17,19,0,0,2,32,32,0
Milan Lucic,20-21,CGY,L,56,761.55,10,6,7,23,74,94,114,7.85,13.51,10.64,8.35,12,29,19,139,63,13,6,4,4,-7,9,24,-15
Miles Wood,20-21,N.J,L,55,823.63,17,5,3,25,128,161,184,12.43,13.28,10.56,7.72,25,23,18,38,75,12,15,1,1,3,7,13,-6
Miro Heiskanen,20-21,DAL,D,55,1372.78,8,8,11,27,121,175,262,7.85,6.61,4.57,4.49,52,48,16,47,85,6,16,0,0,10,0,0,0
Mitch Marner,20-21,TOR,C,55,1233.48,20,34,13,67,156,208,295,20.35,12.82,9.62,9.78,41,69,53,23,52,10,13,0,0,3,4,1,3
Mitchell Stephens,20-21,T.B,C,7,66.28,0,1,0,1,3,5,5,0.23,0,0,4.6,1,0,1,8,0,0,1,0,0,1,30,20,10
Morgan Barron,20-21,NYR,C,5,68.45,1,0,0,1,3,4,7,0.09,33.33,25,2.25,2,2,0,12,8,1,1,0,0,0,9,9,0
Morgan Geekie,20-21,CAR,C,36,352.33,3,6,0,9,30,42,57,2.68,10,7.14,6.38,6,7,5,28,55,5,5,0,0,0,74,67,7
Morgan Rielly,20-21,TOR,D,55,1298.68,5,11,19,35,101,146,218,5.43,4.95,3.42,3.72,61,75,19,63,139,7,6,0,0,-1,0,0,0
Nate Prosser,20-21,PHI,D,6,78.32,1,1,0,2,5,6,9,0.38,20,16.67,6.33,10,4,0,3,12,0,2,0,0,2,0,0,0
Nate Schmidt,20-21,VAN,D,54,1085.55,5,8,2,15,76,106,159,3.45,6.58,4.72,3.25,72,68,18,15,53,2,1,0,0,-1,0,0,0
Nate Thompson,20-21,WPG,C,44,426.15,2,2,1,5,20,29,38,2.2,10,6.9,7.59,20,10,8,60,23,2,1,0,0,-1,143,141,2
Nathan Bastian,20-21,N.J,R,41,517.45,3,4,3,10,46,66,74,5.14,6.52,4.55,7.79,25,6,11,136,70,8,5,1,1,-3,12,21,-9
Nathan Beaulieu,20-21,WPG,D,25,417.23,0,0,1,1,26,35,52,0.53,0,0,1.51,30,23,3,39,24,5,1,2,2,-4,0,0,0
Nathan Gerbe,20-21,CBJ,C,9,100.03,1,1,1,3,9,13,14,0.83,11.11,7.69,6.38,2,1,2,8,2,1,1,0,0,0,7,6,1
Nathan MacKinnon,20-21,COL,C,48,977.48,20,28,17,65,206,280,374,20.11,9.71,7.14,7.18,15,29,16,38,51,11,20,1,1,9,239,254,-15
Nathan Walker,20-21,STL,L,8,107.98,1,0,0,1,10,15,17,1.04,10,6.67,6.93,6,1,3,14,14,1,1,0,0,0,2,3,-1
Nazem Kadri,20-21,COL,C,56,922.32,11,16,5,32,170,225,289,19.47,6.47,4.89,8.65,19,26,22,36,72,17,26,0,0,9,392,351,41
Neal Pionk,20-21,WPG,D,54,1185.62,3,19,10,32,100,136,200,3.75,3,2.21,2.76,74,44,19,137,100,10,14,0,0,4,0,0,0
Nic Dowd,20-21,WSH,C,56,804.73,11,2,2,15,68,97,110,9.78,16.18,11.34,10.08,40,15,38,109,85,13,6,1,1,-7,432,336,96
Nic Petan,20-21,TOR,C,7,71.93,0,1,0,1,8,13,14,0.76,0,0,5.85,2,2,0,6,14,2,1,0,0,-1,0,0,0
Nicholas Merkley,20-21,N.J,R,27,310.68,2,8,0,10,38,47,62,3.44,5.26,4.26,7.32,5,7,7,28,17,1,6,1,1,5,2,6,-4
Nicholas Robertson,20-21,TOR,L,6,56.57,0,0,1,1,9,14,18,0.82,0,0,5.86,2,1,1,3,9,0,0,0,0,0,0,0,0
Nick Bjugstad,20-21,MIN,C,44,519.52,6,7,4,17,78,100,117,7.63,7.69,6,7.63,22,10,12,48,39,6,4,1,1,-2,125,145,-20
Nick Bonino,20-21,MIN,C,55,817.07,10,8,8,26,66,87,103,6.69,15.15,11.49,7.69,50,8,22,11,26,8,4,0,0,-4,365,326,39
Nick Caamano,20-21,DAL,R,24,224.23,0,1,0,1,33,38,49,2.01,0,0,5.29,8,7,5,41,25,6,5,1,1,-1,1,0,1
Nick Cousins,20-21,NSH,C,52,694.77,5,6,7,18,60,76,96,5.49,8.33,6.58,7.22,16,15,8,48,69,13,16,1,1,3,19,17,2
Nick Foligno,20-21,CBJ/TOR,L,49,870.65,7,8,5,20,81,106,121,8.33,8.64,6.6,7.86,37,21,13,133,44,11,13,2,2,2,117,144,-27
Nick Holden,20-21,VGK,D,17,269.33,0,2,0,2,23,32,46,1.54,0,0,4.81,20,0,3,28,28,1,1,0,0,0,0,0,0
Nick Jensen,20-21,WSH,D,53,917.27,2,6,6,14,60,76,107,1.72,3.33,2.63,2.26,65,29,15,56,122,7,5,0,0,-2,0,0,0
Nick Leddy,20-21,NYI,D,56,1209.05,2,13,16,31,79,106,146,3.9,2.53,1.89,3.68,54,32,6,58,45,4,6,0,0,2,0,0,0
Nick Paul,20-21,OTT,L,56,900.6,5,10,5,20,105,161,195,9.29,4.76,3.11,5.77,35,17,40,74,64,7,9,1,1,2,219,201,18
Nick Ritchie,20-21,BOS,L,56,859.98,15,7,4,26,121,170,189,13.13,12.4,8.82,7.72,17,20,16,102,59,11,3,3,3,-8,0,4,-4
Nick Schmaltz,20-21,ARI,C,52,886.33,10,11,11,32,105,134,181,12.03,9.52,7.46,8.98,25,22,26,15,51,8,19,0,0,11,230,307,-77
Nick Suzuki,20-21,MTL,C,56,1018.08,15,17,9,41,110,155,204,12.71,13.64,9.68,8.2,38,41,30,70,82,13,14,0,0,1,350,446,-96
Nicklas Backstrom,20-21,WSH,C,55,1022.7,15,16,22,53,91,126,161,10.48,16.48,11.9,8.32,27,24,33,25,33,7,8,0,0,1,353,378,-25
Nico Hischier,20-21,N.J,C,21,388.87,6,2,3,11,44,62,77,5.2,13.64,9.68,8.39,20,7,12,11,32,2,4,0,0,2,203,158,45
Nico Sturm,20-21,MIN,C,50,541.62,11,4,2,17,64,79,91,8,17.19,13.92,10.13,26,9,12,48,54,6,11,1,1,5,69,65,4
Nicolas Aube-Kubel,20-21,PHI,R,50,558.67,3,4,5,12,53,76,93,5.17,5.66,3.95,6.8,16,17,16,120,70,17,10,2,2,-7,2,2,0
Nicolas Beaudin,20-21,CHI,D,19,261.8,2,1,3,6,7,10,22,0.44,28.57,20,4.4,21,19,4,14,25,1,0,0,0,-1,0,0,0
Nicolas Deslauriers,20-21,ANA,L,49,554.57,5,2,3,10,65,104,126,7.05,7.69,4.81,6.78,20,5,4,136,39,9,3,5,5,-6,1,3,-2
Nicolas Hague,20-21,VGK,D,52,831.75,5,6,6,17,78,119,185,3.34,6.41,4.2,2.81,65,15,10,94,151,13,7,1,1,-6,0,0,0
Nicolas Meloche,20-21,S.J,D,7,67.13,0,1,0,1,6,9,12,0.11,0,0,1.22,6,2,0,5,4,0,0,0,0,0,0,0,0
Nicolas Roy,20-21,VGK,C,50,649.93,6,5,4,15,52,76,93,6.21,11.54,7.89,8.17,23,12,26,50,39,7,12,0,0,5,142,175,-33
Nikita Gusev,20-21,FLA/N.J,L,31,444.91,4,3,3,10,72,91,117,5.98,5.56,4.4,6.57,1,21,10,4,15,1,2,0,0,1,0,0,0
Nikita Nesterov,20-21,CGY,D,38,602.75,0,2,2,4,33,62,91,1.17,0,0,1.89,29,25,7,41,24,10,2,0,0,-8,0,0,0
Nikita Zadorov,20-21,CHI,D,55,1056.2,1,2,5,8,52,73,120,2.09,1.92,1.37,2.86,74,41,16,190,93,13,5,2,2,-8,0,0,0
Nikita Zaitsev,20-21,OTT,D,55,1250.02,4,9,4,17,70,110,175,3.04,5.71,3.64,2.76,110,60,7,114,99,13,6,0,0,-7,0,0,0
Niklas Hjalmarsson,20-21,ARI,D,41,711.67,0,4,1,5,29,48,67,1.01,0,0,2.1,69,28,10,15,36,9,3,0,0,-6,0,0,0
Niko Mikkola,20-21,STL,D,30,435.53,1,1,1,3,22,34,47,0.97,4.55,2.94,2.85,36,18,3,49,70,3,6,1,1,3,0,0,0
Nikolai Knyzhov,20-21,S.J,D,56,937.48,2,3,5,10,51,63,97,1.33,3.92,3.17,2.11,54,13,18,84,82,17,3,1,1,-14,0,0,0
Nikolaj Ehlers,20-21,WPG,L,47,795.23,21,10,15,46,148,194,253,12.07,14.19,10.82,6.22,12,19,18,26,62,5,20,1,1,15,1,0,1
Nils Hoglander,20-21,VAN,L,56,864.78,13,5,9,27,118,155,196,12.42,11.02,8.39,8.01,19,20,42,26,95,8,13,0,0,5,1,1,0
Nino Niederreiter,20-21,CAR,R,56,880.18,20,8,6,34,126,167,205,18.7,15.87,11.98,11.2,17,26,16,68,79,12,12,1,1,0,1,6,-5
Noah Dobson,20-21,NYI,D,46,754.12,3,6,5,14,70,95,143,2.72,4.29,3.16,2.86,59,23,13,40,88,4,6,0,0,2,0,0,0
Noah Gregor,20-21,S.J,C,30,351.73,5,0,1,6,60,79,98,4.34,8.33,6.33,5.49,19,6,11,47,23,3,4,0,0,1,20,49,-29
Noah Hanifin,20-21,CGY,D,47,940.57,4,7,4,15,89,139,206,4.2,4.49,2.88,3.02,40,37,19,28,57,9,6,0,0,-3,0,0,0
Noel Acciari,20-21,FLA,C,41,631.13,4,7,0,11,68,85,102,7.83,5.88,4.71,9.21,63,11,17,91,69,2,9,1,1,7,272,247,25
Nolan Foote,20-21,N.J,L,6,58.12,1,0,1,2,5,6,6,0.39,20,16.67,6.5,1,2,1,5,5,0,0,0,0,0,0,2,-2
Nolan Patrick,20-21,PHI,C,52,689.83,4,2,3,9,49,79,104,6.45,8.16,5.06,8.16,18,17,11,45,61,10,9,0,0,-1,226,204,22
Oliver Bjorkstrand,20-21,CBJ,R,56,986.13,18,18,8,44,143,203,237,12.07,12.59,8.87,5.95,30,26,39,42,94,4,2,1,1,-2,3,4,-1
Oliver Ekman-Larsson,20-21,ARI,D,46,964.78,3,11,10,24,83,122,175,3.19,3.61,2.46,2.61,26,25,12,72,57,16,9,0,0,-7,0,0,0
Oliver Kylington,20-21,CGY,D,8,103.92,0,1,0,1,7,12,16,0.28,0,0,2.33,1,4,2,3,4,0,0,0,0,0,0,0,0
Oliver Wahlstrom,20-21,NYI,R,44,544.98,12,6,3,21,94,130,179,8.91,12.77,9.23,6.85,14,9,12,57,61,8,10,1,1,2,5,7,-2
Olli Juolevi,20-21,VAN,D,23,303.82,2,1,0,3,24,35,57,0.96,8.33,5.71,2.74,30,9,2,23,52,0,1,0,0,1,0,0,0
Olli Maatta,20-21,L.A,D,41,673.9,0,1,3,4,43,65,78,1.77,0,0,2.72,53,23,4,41,84,3,5,0,0,2,0,0,0
Ondrej Palat,20-21,T.B,L,55,960.05,15,16,15,46,111,148,189,14.22,13.51,10.14,9.61,43,17,26,82,60,13,13,0,0,0,0,6,-6
Oskar Lindblom,20-21,PHI,L,50,659.08,8,4,2,14,58,85,102,6.66,13.79,9.41,7.84,24,9,10,43,49,2,3,1,1,1,3,2,1
Oskar Sundqvist,20-21,STL,C,28,424.32,4,4,1,9,32,45,50,3.72,12.5,8.89,8.27,25,9,5,50,35,7,6,0,0,-1,115,124,-9
Owen Tippett,20-21,FLA,R,45,516.65,7,8,3,18,86,113,135,8.86,8.14,6.19,7.84,5,18,18,59,39,3,5,0,0,2,2,1,1
P.K. Subban,20-21,N.J,D,44,983.78,5,9,5,19,99,138,195,4.39,5.05,3.62,3.18,46,45,12,41,42,13,3,0,0,-10,0,0,0
Patric Hornqvist,20-21,FLA,R,44,738.38,14,8,10,32,145,180,200,16.3,9.66,7.78,9.06,23,10,18,80,85,12,9,1,1,-3,2,12,-10
Patrice Bergeron,20-21,BOS,C,54,983.38,23,11,14,48,182,256,298,19.14,12.64,8.98,7.48,36,14,35,49,34,8,5,0,0,-3,714,433,281
Patrick Kane,20-21,CHI,R,56,1244.87,15,33,18,66,191,240,323,16.61,7.85,6.25,6.92,15,45,33,13,59,7,6,0,0,-1,2,5,-3
Patrick Marleau,20-21,S.J,C,56,743.83,4,2,3,9,54,82,97,7.61,7.41,4.88,9.28,19,8,22,40,36,6,2,0,0,-4,141,159,-18
Patrick Maroon,20-21,T.B,L,55,637.6,4,6,8,18,46,58,68,5.22,8.7,6.9,9,6,12,6,75,51,10,7,4,4,-3,2,10,-8
Patrick Russell,20-21,EDM,R,8,85.12,0,2,0,2,12,14,16,0.51,0,0,3.64,0,3,2,13,17,0,3,0,0,3,1,3,-2
Patrik Laine,20-21,CBJ/WPG,R,46,802.15,12,7,5,24,82,109,160,5.38,14.63,11.01,4.94,15,40,9,36,35,5,9,1,1,4,6,19,-13
Patrik Nemeth,20-21,COL/DET,D,52,936.57,3,3,4,10,53,71,103,1.27,5.66,4.23,1.79,67,18,2,87,91,10,2,0,0,-8,0,0,0
Paul Byron,20-21,MTL,L,46,590.98,5,8,3,16,44,63,81,4.59,11.36,7.94,7.29,22,14,13,116,37,6,2,0,0,-4,11,15,-4
Paul Stastny,20-21,WPG,C,56,974.9,13,10,6,29,101,133,157,14.94,12.87,9.77,11.23,19,19,20,38,40,16,10,0,0,-6,324,268,56
Pavel Buchnevich,20-21,NYR,L,54,1011.08,20,17,11,48,120,161,201,13.9,16.67,12.42,8.63,29,39,30,49,71,11,14,2,1,2,4,14,-10
Pavel Zacha,20-21,N.J,C,50,857.75,17,10,8,35,103,139,176,10.67,16.5,12.23,7.68,10,30,20,42,36,5,7,0,0,2,312,294,18
Phil Kessel,20-21,ARI,C,56,956.85,20,9,14,43,115,144,206,11.11,17.39,13.89,7.72,9,20,19,8,16,6,3,0,0,-3,1,3,-2
Philipp Kurashev,20-21,CHI,C,54,706.22,8,3,5,16,65,84,106,6.55,12.31,9.52,7.8,18,16,18,32,76,6,7,0,0,1,102,146,-44
Philippe Myers,20-21,PHI,D,44,830.43,1,5,5,11,77,109,168,2.84,1.3,0.92,2.61,40,27,19,69,50,11,5,0,0,-6,0,0,0
Phillip Danault,20-21,MTL,L,53,894.08,5,15,4,24,73,105,140,7.22,6.85,4.76,6.88,28,31,14,76,51,12,8,0,0,-4,476,431,45
Phillip Di Giuseppe,20-21,NYR,L,31,343.88,1,6,1,8,44,57,69,2.56,2.27,1.75,4.49,16,7,13,78,27,4,2,1,1,-2,3,4,-1
Pierre Engvall,20-21,TOR,L,42,501.03,7,3,2,12,61,79,103,4.83,11.48,8.86,6.11,12,19,6,43,50,8,3,0,0,-5,102,135,-33
Pierre-Edouard Bellemare,20-21,COL,L,53,600.32,9,0,2,11,60,80,101,7,15,11.25,8.75,36,11,17,26,32,8,4,1,1,-4,260,168,92
Pierre-Luc Dubois,20-21,CBJ/WPG,L,46,691.49,9,5,7,21,76,98,131,7.36,11.84,9.18,7.51,26,10,18,59,68,14,13,0,0,-1,166,216,-50
Pierre-Olivier Joseph,20-21,PIT,D,16,268.62,1,4,0,5,27,39,48,0.91,3.7,2.56,2.33,7,8,4,22,13,3,4,0,0,1,0,0,0
Pius Suter,20-21,CHI,C,55,897.32,14,11,2,27,112,133,156,13.97,12.5,10.53,10.5,34,19,27,28,57,7,8,0,0,1,266,359,-93
Quinn Hughes,20-21,VAN,D,56,1277.05,3,20,18,41,98,142,233,4.9,3.06,2.11,3.45,43,60,34,18,78,11,7,0,0,-4,0,0,0
Quinton Byfield,20-21,L.A,C,6,90.05,0,0,1,1,9,11,12,1.14,0,0,10.36,3,2,3,3,9,1,0,0,0,-1,26,40,-14
Radek Faksa,20-21,DAL,C,55,958.68,6,4,4,14,94,116,144,8.34,6.38,5.17,7.19,45,21,18,100,80,15,5,0,0,-10,424,336,88
Radim Simek,20-21,S.J,D,40,567.67,2,1,3,6,26,36,50,1.13,7.69,5.56,3.14,49,13,7,76,66,5,6,1,1,1,0,0,0
Radim Zohorna,20-21,PIT,L,8,72.23,2,2,0,4,8,10,11,0.98,25,20,9.8,0,0,3,7,3,2,1,0,0,-1,5,3,2
Radko Gudas,20-21,FLA,D,54,948.53,2,2,7,11,84,114,167,2.52,2.38,1.75,2.21,72,33,14,250,99,10,11,4,4,1,0,0,0
Rasmus Andersson,20-21,CGY,D,56,1188.55,5,8,8,21,96,150,197,5.77,5.21,3.33,3.85,68,39,16,49,66,18,15,0,0,-3,0,0,0
Rasmus Asplund,20-21,BUF,C,28,359.93,7,3,1,11,34,41,45,3.82,20.59,17.07,9.32,3,3,14,15,24,0,2,0,0,2,6,11,-5
Rasmus Dahlin,20-21,BUF,D,56,1210.05,5,9,9,23,115,148,210,5.55,4.35,3.38,3.75,45,36,13,80,76,13,14,0,0,1,0,0,0
Rasmus Kupari,20-21,L.A,C,7,80.3,1,0,0,1,8,8,10,0.78,12.5,12.5,9.75,3,0,0,7,4,1,0,0,0,-1,35,30,5
Rasmus Ristolainen,20-21,BUF,D,49,1090.72,4,7,7,18,73,111,153,4.38,5.48,3.6,3.95,68,11,12,193,87,18,6,0,0,-12,0,0,0
Rasmus Sandin,20-21,TOR,D,9,131.95,0,1,3,4,9,11,14,0.44,0,0,4,7,2,2,11,19,0,1,0,0,1,0,0,0
Reilly Smith,20-21,VGK,R,53,947.03,14,8,3,25,124,169,211,17.72,11.29,8.28,10.49,20,20,21,46,42,9,10,0,0,1,0,4,-4
Rem Pitlick,20-21,NSH,C,10,113.03,0,2,0,2,11,11,13,0.9,0,0,8.18,1,3,0,8,3,2,1,0,0,-1,15,21,-6
Rhett Gardner,20-21,DAL,C,28,278.97,1,0,1,2,23,39,52,2.2,4.35,2.56,5.64,11,4,5,52,27,4,6,0,0,2,43,57,-14
Richard Panik,20-21,DET/WSH,R,48,593.55,4,5,4,13,59,88,104,6.04,6.78,4.55,6.86,21,15,16,70,57,9,8,0,0,-1,6,8,-2
Rickard Rakell,20-21,ANA,R,52,926.95,9,15,4,28,144,204,265,16.42,6.25,4.41,8.05,16,23,21,65,94,6,6,0,0,0,5,10,-5
Riley Nash,20-21,CBJ,C,37,466.07,2,4,1,7,40,51,58,2.6,5,3.92,5.1,21,4,9,33,51,2,3,0,0,1,162,164,-2
Riley Sheahan,20-21,BUF,C,53,705,4,7,2,13,44,54,69,3.6,9.09,7.41,6.67,15,9,11,17,27,4,7,0,0,3,256,247,9
Riley Stillman,20-21,CHI/FLA,D,21,322.65,1,0,0,1,29,36,55,1.1,3.45,2.78,3.06,29,16,5,51,44,3,4,2,2,1,0,0,0
Robby Fabbri,20-21,DET,C,30,517.65,10,7,1,18,58,79,96,5.91,17.24,12.66,7.48,17,16,3,34,46,8,7,0,0,-1,83,107,-24
Robert Bortuzzo,20-21,STL,D,40,566.52,1,1,3,5,31,41,70,1.37,3.23,2.44,3.34,49,17,7,85,53,11,3,3,3,-8,0,0,0
Robert Hagg,20-21,PHI,D,34,531.73,2,2,1,5,29,52,77,1.85,6.9,3.85,3.56,31,20,5,100,43,9,3,0,0,-6,0,0,0
Robert Thomas,20-21,STL,C,33,448.9,3,6,3,12,22,39,47,3.36,13.64,7.69,8.62,11,18,10,5,27,5,3,0,0,-2,112,151,-39
Rocco Grimaldi,20-21,NSH,C,40,512.73,10,3,0,13,62,94,112,5.82,16.13,10.64,6.19,9,11,17,20,26,2,7,0,0,5,0,2,-2
Roman Josi,20-21,NSH,D,48,1168.18,8,12,13,33,141,202,290,8.09,5.67,3.96,4,83,30,15,27,71,10,11,0,0,1,0,0,0
Roope Hintz,20-21,DAL,L,41,747.25,15,19,9,43,92,139,186,12.11,16.3,10.79,8.71,15,23,8,52,48,2,6,0,0,4,231,238,-7
Ross Colton,20-21,T.B,C,30,316.93,9,2,1,12,46,60,74,4.91,19.57,15,8.18,6,4,5,36,33,3,8,0,0,5,101,107,-6
Ross Johnston,20-21,NYI,L,12,104.85,0,0,1,1,5,6,6,0.36,0,0,6,6,1,1,43,7,5,0,1,1,-5,1,3,-2
Rudolfs Balcers,20-21,S.J,L,41,603.17,8,3,6,17,66,81,99,8.72,12.12,9.88,10.77,29,15,31,81,57,8,4,0,0,-4,0,3,-3
Ryan Carpenter,20-21,CHI,C,40,507.65,4,0,1,5,51,66,75,5.28,7.84,6.06,8,17,7,4,78,44,7,4,1,1,-3,61,65,-4
Ryan Donato,20-21,S.J,C,50,629.95,6,10,4,20,104,140,171,11.76,5.77,4.29,8.4,21,11,27,50,58,5,16,0,0,11,27,36,-9
Ryan Dzingel,20-21,CAR/OTT,C,40,508.3,8,3,2,13,48,68,97,4.82,16.67,11.76,7.09,10,9,8,44,34,8,3,1,1,-5,3,9,-6
Ryan Ellis,20-21,NSH,D,35,831.85,5,10,3,18,75,93,145,3.42,6.67,5.38,3.68,63,22,7,21,35,5,7,0,0,2,0,0,0
Ryan Getzlaf,20-21,ANA,C,48,795.55,5,6,6,17,70,100,133,8.51,7.14,5,8.51,46,40,24,66,27,9,8,3,3,-1,350,326,24
Ryan Graves,20-21,COL,D,54,1029.02,2,6,7,15,101,144,226,3.77,1.98,1.39,2.62,91,24,18,77,62,15,2,1,1,-13,0,0,0
Ryan Hartman,20-21,MIN,R,51,768.63,7,8,7,22,74,115,138,7.81,9.46,6.09,6.79,33,29,21,55,37,14,9,1,1,-5,198,279,-81
Ryan Johansen,20-21,NSH,C,48,813.23,7,7,8,22,67,87,105,8.46,10.45,8.05,9.72,16,20,13,43,27,11,6,0,0,-5,424,398,26
Ryan Lindgren,20-21,NYR,D,51,1019.73,1,5,10,16,65,89,129,2.94,1.54,1.12,3.3,50,25,19,98,118,15,15,1,1,0,0,0,0
Ryan Lomberg,20-21,FLA,L,34,330.22,2,2,0,4,47,63,68,5.04,4.26,3.17,8,10,2,8,90,28,11,8,5,5,-3,0,1,-1
Ryan MacInnis,20-21,CBJ,C,16,159.58,0,0,0,0,14,16,23,0.66,0,0,4.12,3,5,3,19,22,0,1,0,0,1,28,31,-3
Ryan McDonagh,20-21,T.B,D,50,1094.08,4,5,3,12,85,114,160,4.54,4.71,3.51,3.98,96,20,10,69,44,7,3,0,0,-4,0,0,0
Ryan McLeod,20-21,EDM,C,10,127.88,0,1,0,1,3,7,12,0.28,0,0,4,5,6,1,3,20,0,1,0,0,1,41,40,1
Ryan Murray,20-21,N.J,D,48,893.38,0,4,10,14,29,45,67,1.25,0,0,2.78,73,22,11,38,54,4,0,0,0,-4,0,0,0
Ryan Nugent-Hopkins,20-21,EDM,C,52,1080.08,16,10,9,35,135,190,243,17.2,11.85,8.42,9.05,29,33,22,26,56,11,11,0,0,0,73,87,-14
Ryan O'Reilly,20-21,STL,C,56,1161.93,24,14,16,54,129,161,185,13.35,18.6,14.91,8.29,26,24,43,24,38,9,9,0,0,0,703,493,210
Ryan Pulock,20-21,NYI,D,56,1256.67,2,10,5,17,121,158,234,5.04,1.65,1.27,3.19,106,32,9,97,99,4,4,0,0,0,0,0,0
Ryan Reaves,20-21,VGK,R,37,367.38,1,1,3,5,26,36,54,3.58,3.85,2.78,9.94,15,4,11,141,33,6,4,3,3,-2,4,9,-5
Ryan Strome,20-21,NYR,C,56,1022.83,14,19,16,49,129,164,211,15.82,10.85,8.54,9.65,18,32,22,22,56,12,9,1,1,-3,321,422,-101
Ryan Suter,20-21,MIN,D,56,1242.28,3,10,6,19,86,126,200,3.81,3.49,2.38,3.02,65,17,9,38,28,6,3,0,0,-3,0,0,0
Sam Bennett,20-21,CGY/FLA,C,48,691.78,10,7,10,27,106,139,169,12.29,9.43,7.19,8.84,18,27,16,108,65,11,10,2,2,-1,124,137,-13
Sam Carrick,20-21,ANA,C,13,167.98,2,2,2,6,23,27,35,1.58,8.7,7.41,5.85,3,6,2,29,16,4,6,2,2,2,33,30,3
Sam Gagner,20-21,DET,C,42,648.52,7,5,3,15,88,112,132,9.31,7.95,6.25,8.31,14,8,7,5,41,5,4,1,1,-1,83,97,-14
Sam Lafferty,20-21,PIT,C,34,332.38,0,3,3,6,33,45,57,2.66,0,0,5.91,11,6,7,89,56,10,7,1,1,-3,55,50,5
Sam Reinhart,20-21,BUF,C,54,1055.1,25,8,7,40,130,190,215,15.92,19.23,13.16,8.38,27,22,17,15,75,5,7,0,0,2,126,150,-24
Sam Steel,20-21,ANA,C,42,609.72,6,3,3,12,42,54,70,5.6,14.29,11.11,10.37,19,13,10,41,44,4,5,0,0,1,237,212,25
Sami Niku,20-21,WPG,D,6,77.8,0,0,0,0,2,4,8,0.14,0,0,3.5,7,5,0,0,12,4,1,0,0,-3,0,0,0
Sami Vatanen,20-21,DAL/N.J,D,39,663.38,2,4,0,6,55,69,102,1.42,3.64,2.9,2.06,49,21,8,27,35,10,3,0,0,-7,0,0,0
Sammy Blais,20-21,STL,L,36,434.32,8,4,3,15,31,41,53,3.3,25.81,19.51,8.05,10,11,9,103,56,6,6,0,0,0,3,1,2
Samuel Girard,20-21,COL,D,48,1114.12,5,16,11,32,79,113,186,3.26,6.33,4.42,2.88,52,32,14,31,76,8,14,0,0,6,0,0,0
Samuel Morin,20-21,PHI,D/L,20,203.83,1,0,0,1,14,20,27,0.35,7.14,5,1.75,13,3,1,38,34,6,1,3,2,-6,0,0,0
Scott Harrington,20-21,CBJ,D,12,196.12,1,2,0,3,8,11,16,0.16,12.5,9.09,1.45,20,1,0,9,14,3,1,0,0,-2,0,0,0
Scott Laughton,20-21,PHI,L,53,817.28,9,9,2,20,89,104,133,7.27,10.11,8.65,6.99,34,17,20,141,41,12,8,1,1,-4,211,220,-9
Scott Mayfield,20-21,NYI,D,56,1090.53,2,7,6,15,79,105,166,2.62,2.53,1.9,2.5,108,37,6,76,61,14,3,0,0,-11,0,0,0
Sean Couturier,20-21,PHI,C,45,869.17,18,13,10,41,120,160,206,13.21,15,11.25,8.26,22,14,21,34,60,4,14,0,0,10,427,323,104
Sean Kuraly,20-21,BOS,C,47,660.35,4,3,2,9,88,110,133,6.2,4.55,3.64,5.64,21,13,24,99,57,10,9,0,0,-1,229,170,59
Sean Monahan,20-21,CGY,C,50,882.95,10,12,6,28,98,133,154,13.3,10.2,7.52,10,18,35,28,49,32,5,7,0,0,2,340,354,-14
Sean Walker,20-21,L.A,D,47,853.9,5,4,9,18,92,125,181,5.11,5.43,4,4.09,72,24,10,43,67,9,1,0,0,-8,0,0,0
Sebastian Aho,20-21,CAR,R,56,1089.88,24,24,9,57,148,208,251,20.8,16.22,11.54,10,25,61,33,38,51,16,14,0,0,-2,365,327,38
Seth Jones,20-21,CBJ,D,56,1412.72,5,8,15,28,141,183,256,6.4,3.55,2.73,3.5,101,43,20,102,92,13,4,0,0,-9,0,0,0
Shane Pinto,20-21,OTT,C,12,150.25,1,2,4,7,11,21,31,1.82,9.09,4.76,8.67,9,3,7,11,23,5,2,0,0,-3,45,65,-20
Shayne Gostisbehere,20-21,PHI,D,41,817.55,9,5,6,20,85,127,189,4.84,10.59,7.09,3.81,47,24,10,18,43,3,8,0,0,5,0,0,0
Shea Theodore,20-21,VGK,D,53,1194.43,8,15,19,42,161,223,348,8.8,4.97,3.59,3.95,43,35,25,22,46,7,6,0,0,-1,0,0,0
Shea Weber,20-21,MTL,D,48,1089.55,6,6,7,19,104,146,215,3.73,5.77,4.11,2.55,68,53,11,70,47,14,3,1,1,-11,0,0,0
Sidney Crosby,20-21,PIT,C,55,1120.88,24,20,18,62,159,208,251,19.83,15.09,11.54,9.53,28,54,51,44,57,13,16,0,0,3,676,586,90
Simon Benoit,20-21,ANA,D,6,103.18,0,0,0,0,3,6,8,0.14,0,0,2.33,9,1,0,20,3,1,0,0,0,-1,0,0,0
Slater Koekkoek,20-21,EDM,D,18,236.95,1,0,0,1,17,25,41,0.76,5.88,4,3.04,31,11,3,10,20,1,2,0,0,1,0,0,0
Sonny Milano,20-21,ANA,L,6,88.4,0,0,0,0,8,13,16,0.89,0,0,6.85,0,3,0,4,9,0,1,0,0,1,0,0,0
Stefan Matteau,20-21,CBJ,C,18,194.83,1,0,0,1,15,19,29,1.07,6.67,5.26,5.63,9,5,7,35,20,2,2,1,1,0,2,5,-3
Stefan Noesen,20-21,S.J/TOR,R,6,57.65,0,0,0,0,5,5,5,0.21,0,0,4.2,0,0,1,4,3,1,2,0,0,1,1,3,-2
Steven Fogarty,20-21,BUF,C,9,105.57,1,2,0,3,5,8,8,0.66,20,12.5,8.25,10,0,5,4,3,4,3,0,0,-1,7,5,2
Steven Kampfer,20-21,BOS,D,20,334.12,2,2,1,5,28,40,49,0.91,7.14,5,2.28,24,5,6,20,40,2,3,0,0,1,0,0,0
Steven Lorentz,20-21,CAR,C,45,469.75,2,1,5,8,40,61,76,5.05,5,3.28,8.28,16,10,11,47,76,4,3,0,0,-1,158,151,7
Steven Stamkos,20-21,T.B,C,38,694.05,17,8,9,34,91,120,153,10.81,18.68,14.17,9.01,10,7,5,38,15,8,7,0,0,-1,238,178,60
T.J. Oshie,20-21,WSH,R,53,957.37,22,13,8,43,106,136,170,13.97,20.75,16.18,10.27,27,28,28,70,77,9,12,0,0,3,139,151,-12
Tage Thompson,20-21,BUF,C,38,527.17,8,4,2,14,96,115,146,10.22,8.33,6.96,8.89,8,10,13,25,31,6,6,1,1,0,2,6,-4
Tanner Jeannot,20-21,NSH,L,15,181.95,5,2,0,7,23,27,33,2.37,21.74,18.52,8.78,7,5,0,53,17,1,2,0,0,1,1,2,-1
Tanner Kero,20-21,DAL,C,39,413.32,3,3,4,10,39,47,63,2.76,7.69,6.38,5.87,14,10,9,31,32,3,4,0,0,1,24,14,10
Tanner Pearson,20-21,VAN,L,51,870.63,10,6,2,18,110,149,181,12.5,9.09,6.71,8.39,28,26,23,54,56,8,11,0,0,3,6,10,-4
Tarmo Reunanen,20-21,NYR,D,4,53.1,0,1,0,1,5,5,6,0.06,0,0,1.2,5,0,1,4,4,0,0,0,0,0,0,0,0
Taro Hirose,20-21,DET,L,6,86.22,0,1,1,2,10,10,11,0.51,0,0,5.1,2,3,1,1,7,0,2,0,0,2,1,1,0
Taylor Hall,20-21,BOS/BUF,L,53,946.55,10,12,11,33,136,185,236,13.22,7.35,5.41,7.15,15,31,19,34,71,8,19,0,0,11,7,10,-3
Teddy Blueger,20-21,PIT,C,43,638.38,7,13,2,22,49,64,77,5.23,14.29,10.94,8.17,25,12,11,53,60,3,6,2,2,3,201,212,-11
Teuvo Teravainen,20-21,CAR,L,21,345.27,5,6,4,15,49,61,84,5.68,10.2,8.2,9.31,9,12,10,8,15,3,2,0,0,-1,13,7,6
Thomas Chabot,20-21,OTT,D,49,1286.98,6,17,8,31,120,162,241,5.42,5,3.7,3.35,72,82,18,68,116,18,11,0,0,-7,0,0,0
Thomas Hickey,20-21,NYI,D,5,81.3,0,1,1,2,2,4,6,0.09,0,0,2.25,3,1,0,10,11,0,0,0,0,0,0,0,0
Tim Stützle,20-21,OTT,L,53,833.87,12,9,8,29,111,144,187,10.54,10.81,8.33,7.32,15,44,20,50,80,7,24,0,0,17,8,19,-11
Timo Meier,20-21,S.J,R,54,866.33,12,10,9,31,155,219,298,14.39,7.74,5.48,6.57,24,25,22,75,63,11,16,0,0,5,8,20,-12
Tj Brodie,20-21,TOR,D,56,1207.22,1,4,9,14,48,72,110,1.88,2.08,1.39,2.61,84,51,22,34,108,6,7,0,0,1,0,0,0
Tobias Bjornfot,20-21,L.A,D,33,555.33,1,2,3,6,30,42,55,0.98,3.33,2.38,2.33,34,13,5,28,59,7,1,0,1,-5,0,0,0
Tobias Rieder,20-21,BUF,C,44,538.97,5,1,1,7,63,77,87,5.18,7.94,6.49,6.73,34,2,18,21,33,1,6,0,0,5,1,7,-6
Tom Wilson,20-21,WSH,R,47,777.3,13,14,6,33,83,105,138,9.89,15.66,12.38,9.42,25,16,20,105,80,18,18,4,4,0,11,15,-4
Tomas Hertl,20-21,S.J,C,50,955,19,13,11,43,112,154,190,17.2,16.96,12.34,11.17,39,24,35,39,37,11,11,1,1,0,486,394,92
Tomas Jurco,20-21,VGK,R,8,71.67,0,1,0,1,11,14,18,0.66,0,0,4.71,2,1,0,4,7,0,0,0,0,0,0,1,-1
Tomas Nosek,20-21,VGK,L,38,494,8,3,7,18,59,79,90,7.28,13.56,10.13,9.22,18,12,8,51,50,5,3,0,0,-2,200,187,13
Tomas Tatar,20-21,MTL,L,50,748.77,10,12,8,30,82,105,141,9.65,12.2,9.52,9.19,20,14,16,63,52,4,6,0,0,2,12,15,-3
Tony Deangelo,20-21,NYR,D,6,110.85,0,0,1,1,13,18,22,0.38,0,0,2.11,6,3,1,3,11,2,0,0,0,-2,0,0,0
Torey Krug,20-21,STL,D,51,1149.17,2,14,16,32,110,148,208,5.57,1.82,1.35,3.76,57,25,7,51,46,10,8,1,1,-2,0,0,0
Travis Boyd,20-21,TOR/VAN,C,39,418.37,5,2,3,10,23,38,49,3.27,21.74,13.16,8.61,15,6,8,18,51,1,8,0,0,7,75,85,-10
Travis Dermott,20-21,TOR,D,51,674.43,2,1,3,6,36,53,81,1.35,5.56,3.77,2.55,35,27,4,44,80,7,3,1,1,-4,0,0,0
Travis Hamonic,20-21,VAN,D,38,735.95,3,3,4,10,79,101,151,2.18,3.8,2.97,2.16,81,19,10,48,66,7,1,3,3,-6,0,1,-1
Travis Konecny,20-21,PHI,C,50,794.8,11,12,11,34,100,146,191,10.4,11,7.53,7.12,16,15,16,55,65,13,13,0,0,0,6,12,-6
Travis Sanheim,20-21,PHI,D,55,1203.75,3,5,7,15,100,136,196,5.36,3,2.21,3.94,73,40,17,48,80,9,10,1,1,1,0,0,0
Travis Zajac,20-21,N.J/NYI,C,46,754.9,8,5,7,20,50,70,93,5.38,16,11.43,7.69,22,14,25,51,36,3,6,0,0,3,310,293,17
Trent Frederic,20-21,BOS,C,42,472.03,4,1,0,5,44,63,75,3.69,9.09,6.35,5.86,15,7,9,61,54,5,11,3,3,6,37,33,4
Trevor Lewis,20-21,WPG,C,56,550,5,2,3,10,68,93,112,5.16,7.35,5.38,5.55,22,8,8,71,73,1,5,0,0,4,11,8,3
Trevor Moore,20-21,L.A,C,56,814.03,10,10,3,23,88,136,164,10.98,11.36,7.35,8.07,10,17,14,38,73,9,7,0,0,-2,3,6,-3
Trevor Van Riemsdyk,20-21,WSH,D,20,340.78,1,0,2,3,23,36,49,0.64,4.35,2.78,1.78,27,7,2,13,18,1,1,0,0,0,0,0,0
Trevor Zegras,20-21,ANA,C,24,369.53,3,8,2,13,53,75,101,4.61,5.66,4,6.15,4,12,6,7,20,6,6,0,0,0,42,54,-12
Troy Stecher,20-21,DET,D,44,761.9,3,2,6,11,55,82,129,1.94,5.45,3.66,2.37,46,29,9,33,70,6,4,0,0,-2,0,0,0
Troy Terry,20-21,ANA,C,48,705.55,7,10,3,20,69,103,129,7.56,10.14,6.8,7.34,13,23,19,5,66,9,13,0,0,4,2,2,0
Tucker Poolman,20-21,WPG,D,39,713.97,0,1,0,1,50,70,97,1.7,0,0,2.43,49,34,8,69,61,1,6,0,0,5,0,0,0
Ty Dellandrea,20-21,DAL,C,26,324.63,3,2,0,5,31,42,59,3.03,9.68,7.14,7.21,10,6,4,47,39,9,5,1,1,-4,45,55,-10
Ty Smith,20-21,N.J,D,48,965.9,2,14,7,23,69,101,177,2.93,2.9,1.98,2.9,35,30,8,32,35,11,7,0,0,-4,0,0,0
Tyce Thompson,20-21,N.J,R,7,61.05,0,1,0,1,4,5,6,0.34,0,0,6.8,2,0,2,5,10,0,0,0,0,0,0,9,-9
Tyler Bertuzzi,20-21,DET,L,9,176.23,5,1,1,7,20,27,34,3.28,25,18.52,12.15,3,8,6,13,9,2,1,0,0,-1,1,1,0
Tyler Bozak,20-21,STL,C,31,462.3,5,8,4,17,35,45,56,3.4,14.29,11.11,7.56,20,10,12,17,21,5,3,0,0,-2,217,165,52
Tyler Ennis,20-21,EDM,C,30,363.38,3,3,3,9,38,52,59,4.19,7.89,5.77,8.06,6,9,10,43,42,3,4,0,0,1,6,3,3
Tyler Graovac,20-21,VAN,C,14,136.15,3,1,0,4,17,22,26,2.33,17.65,13.64,10.59,5,3,6,13,8,3,4,0,0,1,42,50,-8
Tyler Johnson,20-21,T.B,C,55,751.5,8,10,4,22,77,103,123,8.34,10.39,7.77,8.1,15,7,4,63,33,8,7,0,0,-1,170,140,30
Tyler Motte,20-21,VAN,C,24,383.97,6,3,0,9,40,55,73,4.42,15,10.91,8.04,28,5,13,100,32,7,5,0,0,-2,12,21,-9
Tyler Myers,20-21,VAN,D,55,1213.97,6,10,5,21,109,131,188,3.88,5.5,4.58,2.96,74,46,22,61,51,20,7,1,1,-13,0,0,0
Tyler Pitlick,20-21,ARI,C,38,620.85,6,4,1,11,56,94,126,7.19,10.71,6.38,7.65,41,5,15,81,57,8,6,0,0,-2,6,9,-3
Tyler Seguin,20-21,DAL,C,3,50.82,2,0,0,2,8,8,12,0.77,25,25,9.62,1,1,1,8,1,0,0,0,0,0,19,16,3
Tyler Toffoli,20-21,MTL,C,52,910.42,28,9,7,44,158,209,265,19.8,17.72,13.4,9.47,12,31,25,75,51,12,8,0,0,-4,21,33,-12
Tyson Barrie,20-21,EDM,D,56,1198.08,8,13,27,48,146,192,291,7.02,5.48,4.17,3.66,59,43,16,26,79,5,11,0,0,6,0,0,0
Tyson Jost,20-21,COL,C,54,762.05,7,8,2,17,92,121,154,8.11,7.61,5.79,6.7,19,11,24,45,92,12,14,0,0,2,162,184,-22
Urho Vaakanainen,20-21,BOS,D,9,170.25,0,0,2,2,15,19,26,0.47,0,0,2.47,19,4,1,3,16,1,1,0,0,0,0,0,0
Valeri Nichushkin,20-21,COL,R,55,773.88,10,4,7,21,98,132,172,9.75,10.2,7.58,7.39,28,5,23,65,62,2,9,0,0,7,1,2,-1
Valtteri Filppula,20-21,DET,C,38,592.63,6,4,5,15,25,34,41,3.39,24,17.65,9.97,15,10,7,9,16,6,5,0,0,-1,109,133,-24
Victor Hedman,20-21,T.B,D,54,1352.3,9,22,14,45,136,207,316,7.83,6.62,4.35,3.78,73,28,12,51,69,14,10,0,0,-4,0,0,0
Victor Mete,20-21,MTL/OTT,D,28,442.37,1,1,3,5,20,28,42,1.02,5,3.57,3.64,35,10,7,19,38,4,0,0,0,-4,0,0,0
Victor Olofsson,20-21,BUF,R,56,973.98,13,13,6,32,129,178,228,10.52,10.08,7.3,5.91,12,25,23,17,28,3,4,0,0,1,1,1,0
Victor Rask,20-21,MIN,C,54,780.23,10,7,6,23,53,69,103,5.2,18.87,14.49,7.54,10,24,20,21,37,1,6,0,0,5,218,262,-44
Victor Soderstrom,20-21,ARI,D,4,65.23,1,0,1,2,6,6,14,0.19,16.67,16.67,3.17,0,1,1,4,2,0,0,0,0,0,0,0,0
Viktor Arvidsson,20-21,NSH,L,50,828.23,10,13,2,25,151,213,264,13.4,6.62,4.69,6.29,33,23,18,15,72,8,14,1,1,6,9,18,-9
Ville Heinola,20-21,WPG,D,5,75.73,0,0,0,0,9,10,10,0.17,0,0,1.7,9,2,1,2,11,1,0,0,0,-1,0,0,0
Vince Dunn,20-21,STL,D,43,827.72,6,6,8,20,73,95,164,3.46,8.22,6.32,3.64,51,26,10,36,50,9,7,0,0,-2,0,0,0
Vincent Trocheck,20-21,CAR,C,47,856.62,17,14,12,43,123,167,189,15.4,13.82,10.18,9.22,28,31,17,107,87,10,14,0,0,4,431,338,93
Vinni Lettieri,20-21,ANA,C,5,63.53,0,0,0,0,7,9,12,0.3,0,0,3.33,1,1,2,9,4,0,0,0,0,0,2,3,-1
Vinnie Hinostroza,20-21,CHI/FLA,C,26,319.03,4,7,1,12,33,40,53,3.25,12.12,10,8.12,3,12,10,37,37,4,6,0,0,2,3,17,-14
Vitali Kravtsov,20-21,NYR,R,20,247.37,2,0,2,4,23,31,42,1.73,8.7,6.45,5.58,6,13,7,7,17,2,0,0,0,-2,0,2,-2
Vladimir Tarasenko,20-21,STL,R,24,418.08,4,7,3,14,65,81,111,4.93,6.15,4.94,6.09,15,9,10,30,23,0,3,0,0,3,0,0,0
Vladislav Gavrikov,20-21,CBJ,D,55,1066.98,2,4,6,12,48,67,102,2.1,4.17,2.99,3.13,77,17,17,69,60,8,2,0,0,-6,0,0,0
Vladislav Namestnikov,20-21,DET,C,53,856.4,8,3,6,17,87,110,125,12.69,9.2,7.27,11.54,35,9,13,71,69,12,10,0,0,-2,135,210,-75
Wade Allison,20-21,PHI,R,14,181.05,4,2,1,7,24,31,39,2.65,16.67,12.9,8.55,10,3,6,28,21,2,1,0,0,-1,0,1,-1
Warren Foegele,20-21,CAR,L,53,750.17,10,7,3,20,91,130,155,14.14,10.99,7.69,10.88,12,28,16,60,74,10,15,0,0,5,18,17,1
Wayne Simmonds,20-21,TOR,R,38,455.45,7,0,2,9,62,83,105,5.93,11.29,8.43,7.14,15,19,13,64,35,5,3,3,3,-2,6,6,0
Will Butcher,20-21,N.J,D,23,437.73,1,4,6,11,37,48,75,1.17,2.7,2.08,2.44,28,8,8,7,24,1,2,0,0,1,0,0,0
William Borgen,20-21,BUF,D,10,162.63,0,0,0,0,7,10,12,0.2,0,0,2,14,1,0,30,11,2,0,0,0,-2,0,0,0
William Carrier,20-21,VGK,L,52,540.53,6,8,1,15,65,85,103,8.56,9.23,7.06,10.07,13,9,12,131,57,8,19,0,0,11,3,5,-2
William Karlsson,20-21,VGK,C,56,1045.33,14,14,11,39,111,146,198,16.04,12.61,9.59,10.99,29,15,30,29,81,2,8,0,0,6,518,441,77
William Lagesson,20-21,EDM,D,19,268.32,0,2,0,2,11,19,29,0.49,0,0,2.58,14,7,3,15,58,2,3,1,1,1,0,0,0
William Nylander,20-21,TOR,C,51,846.45,17,16,9,42,133,180,217,18.1,12.78,9.44,10.06,15,41,30,12,67,8,10,0,0,2,13,10,3
Wyatt Kalynuk,20-21,CHI,D,21,341.08,4,2,3,9,26,36,48,1.36,15.38,11.11,3.78,21,17,2,25,53,2,0,0,0,-2,0,0,0
Xavier Ouellet,20-21,MTL,D,6,86.43,0,0,0,0,5,8,10,0.3,0,0,3.75,8,3,0,17,10,1,1,0,0,0,0,0,0
Yakov Trenin,20-21,NSH,C,45,519.77,5,5,1,11,62,91,106,5.94,8.06,5.49,6.53,21,13,10,94,37,11,4,0,0,-7,4,8,-4
Yanni Gourde,20-21,T.B,C,56,955.75,17,17,2,36,118,151,182,15.39,14.41,11.26,10.19,21,13,18,51,95,12,14,2,2,2,316,333,-17
Yegor Sharangovich,20-21,N.J,C,54,907.6,16,6,8,30,114,167,212,11.73,14.04,9.58,7.02,20,37,38,20,36,2,14,0,0,12,26,66,-40
Zac Dalpe,20-21,CBJ,C,12,127.48,2,0,1,3,22,25,31,1.72,9.09,8,6.88,8,2,5,11,8,0,1,0,0,1,18,22,-4
Zac Jones,20-21,NYR,D,10,149.83,0,1,3,4,12,15,23,0.4,0,0,2.67,8,10,1,8,11,1,0,0,0,-1,0,0,0
Zach Aston-Reese,20-21,PIT,C,45,657.55,9,1,5,15,79,97,119,8.36,11.39,9.28,8.62,24,16,14,95,64,5,3,1,1,-2,7,11,-4
Zach Bogosian,20-21,TOR,D,45,654.17,0,2,2,4,36,59,85,1.49,0,0,2.53,31,19,7,67,36,12,2,1,1,-10,0,0,0
Zach Hyman,20-21,TOR,C,43,832.65,15,7,11,33,115,151,183,16.58,13.04,9.93,10.98,21,17,17,69,110,14,13,0,1,0,18,37,-19
Zach Parise,20-21,MIN,L,45,627.25,7,6,5,18,90,113,121,9.98,7.78,6.19,8.83,20,13,12,18,35,3,11,0,0,8,34,48,-14
Zach Sanford,20-21,STL,L,52,774.13,10,3,3,16,67,102,125,9.02,14.93,9.8,8.84,44,11,12,69,67,10,10,1,1,0,28,40,-12
Zach Senyshyn,20-21,BOS,R,8,80.88,0,0,0,0,10,12,14,0.85,0,0,7.08,1,1,2,11,9,1,1,0,0,0,0,3,-3
Zach Werenski,20-21,CBJ,D,35,852.22,7,9,4,20,79,103,141,4.32,8.86,6.8,4.19,39,19,10,21,41,4,6,1,1,2,0,0,0
Zach Whitecloud,20-21,VGK,D,51,907.22,2,4,6,12,54,88,127,3.04,3.7,2.27,3.45,75,14,9,85,147,12,7,0,0,-5,0,0,0
Zack Kassian,20-21,EDM,R,27,319.62,2,3,0,5,18,30,38,2.85,11.11,6.67,9.5,3,7,3,73,18,5,0,1,1,-5,0,2,-2
Zack MacEwen,20-21,VAN,C,34,293.67,1,0,1,2,31,45,56,2.48,3.23,2.22,5.51,9,6,6,65,26,7,5,6,6,-2,4,4,0
Zdeno Chara,20-21,WSH,D,55,1006.27,2,4,4,10,67,97,148,1.95,2.99,2.06,2.01,67,32,14,88,33,12,4,2,2,-8,0,0,0
