Player Name,Team Name,Week Number,Points,+/-,A,ATOI,BLK,DEF,FOL,FOW,G,GA,GAA,GP,GS,GWG,HAT,HIT,L,MIN ?,OTL,PIM,PPG,PPP,SA,SHA,SHG,SHP,SO,SOG,SV,SV%,TTOI ?,W,Avg. Points
Aaron Ekblad,Vasili's POD SQUAD,171,189.54999999999995,34.0,35.0,27225.416666639998,58.0,49.0,0.0,0.0,14.0,0.0,0.0,52.0,0.0,2.0,0.0,55.0,0.0,0.0,0.0,24.0,3.0,17.0,0.0,3.0,0.0,3.0,0.0,158.0,0.0,0.0,79086.0,0.0,3.645192307692307
Adam Fox,Team Ginsberg,155,175.79999999999998,11.0,43.0,24897.24999999,102.0,50.0,0.0,0.0,7.0,0.0,0.0,50.0,0.0,1.0,0.0,24.0,0.0,0.0,0.0,14.0,0.0,22.0,0.0,1.0,1.0,2.0,0.0,92.0,0.0,0.0,73321.0,0.0,3.5159999999999996
Adam Henrique,Baltimore Bandits,33,37.949999999999996,5.0,6.0,6094.999999989999,10.0,0.0,30.0,31.0,3.0,0.0,0.0,15.0,0.0,0.0,0.0,7.0,0.0,0.0,0.0,0.0,1.0,4.0,0.0,0.0,0.0,0.0,0.0,46.0,0.0,0.0,15066.0,0.0,2.53
Adin Hill,Lausanne  Automatons ,6,14.799999999999999,0.0,0.0,0.0,0.0,0.0,0.0,0.0,0.0,11.0,6.925638,0.0,4.0,0.0,0.0,0.0,2.0,12303.0,0.0,0.0,0.0,0.0,95.0,0.0,0.0,0.0,1.0,0.0,84.0,1.74891067,0.0,2.0,inf
Adin Hill,Vasili's POD SQUAD,27,-2.6,0.0,0.0,0.0,0.0,0.0,0.0,0.0,0.0,5.0,5.11575428,0.0,2.0,0.0,0.0,0.0,2.0,7043.0,0.0,0.0,0.0,0.0,47.0,0.0,0.0,0.0,0.0,0.0,42.0,1.7568627399999999,0.0,0.0,-inf
Adrian Kempe,Esther Island Esthers,11,5.550000000000001,-3.0,1.0,2019.0,0.0,0.0,1.0,3.0,0.0,0.0,0.0,3.0,0.0,0.0,0.0,4.0,0.0,0.0,0.0,0.0,0.0,1.0,0.0,0.0,0.0,0.0,0.0,13.0,0.0,0.0,3146.0,0.0,1.8500000000000003
Adrian Kempe,Lausanne  Automatons ,165,87.8,11.0,6.0,12366.41666666,11.0,0.0,9.0,6.0,13.0,0.0,0.0,24.0,0.0,4.0,0.0,27.0,0.0,0.0,0.0,10.0,2.0,5.0,0.0,0.0,1.0,1.0,0.0,77.0,0.0,0.0,27034.0,0.0,3.658333333333333
Adrian Kempe,Vasili's POD SQUAD,9,6.05,0.0,0.0,1081.0,2.0,0.0,1.0,0.0,1.0,0.0,0.0,3.0,0.0,1.0,0.0,1.0,0.0,0.0,0.0,2.0,0.0,0.0,0.0,0.0,0.0,0.0,0.0,10.0,0.0,0.0,3243.0,0.0,2.0166666666666666
Alec Martinez,Brown Shoes w/ a Black Belt?,15,15.600000000000001,3.0,3.0,5937.5,33.0,3.0,0.0,0.0,0.0,0.0,0.0,11.0,0.0,0.0,0.0,9.0,0.0,0.0,0.0,4.0,0.0,0.0,0.0,0.0,0.0,0.0,0.0,11.0,0.0,0.0,13185.0,0.0,1.4181818181818182
Aleksander Barkov,Vasili's POD SQUAD,137,181.79999999999998,16.0,22.0,16577.25,26.0,0.0,346.0,418.0,23.0,0.0,0.0,37.0,0.0,3.0,0.0,34.0,0.0,0.0,0.0,8.0,8.0,12.0,0.0,0.0,4.0,4.0,0.0,130.0,0.0,0.0,44919.0,0.0,4.913513513513513
Alex DeBrincat,Team Ginsberg,171,209.75,-17.0,16.0,22140.91666666,23.0,0.0,26.0,13.0,29.0,0.0,0.0,54.0,0.0,4.0,0.0,67.0,0.0,0.0,0.0,13.0,11.0,21.0,0.0,0.0,0.0,0.0,0.0,174.0,0.0,0.0,66008.0,0.0,3.884259259259259
Alex Iafallo,Esther Island Esthers,22,15.950000000000001,-3.0,1.0,4701.33333333,8.0,0.0,6.0,6.0,2.0,0.0,0.0,9.0,0.0,1.0,0.0,3.0,0.0,0.0,0.0,2.0,0.0,0.0,0.0,0.0,0.0,0.0,0.0,26.0,0.0,0.0,10681.0,0.0,1.7722222222222224
Alex Iafallo,Lausanne  Automatons ,153,57.55,1.0,8.0,11399.83333333,22.0,0.0,2.0,2.0,5.0,0.0,0.0,27.0,0.0,0.0,0.0,12.0,0.0,0.0,0.0,0.0,1.0,3.0,0.0,1.0,1.0,2.0,0.0,69.0,0.0,0.0,30926.0,0.0,2.1314814814814813
Alex Killorn,That Hoser Over There,171,140.5,8.0,27.0,20373.16666666,14.0,0.0,7.0,0.0,14.0,0.0,0.0,47.0,0.0,1.0,0.0,48.0,0.0,0.0,0.0,36.0,3.0,7.0,0.0,0.0,0.0,0.0,0.0,90.0,0.0,0.0,53551.0,0.0,2.9893617021276597
Alex Nedeljkovic,Team Ginsberg,116,80.6,0.0,0.0,0.0,0.0,0.0,0.0,0.0,0.0,64.0,37.22056407,0.0,22.0,0.0,0.0,0.0,8.0,77016.0,3.0,0.0,0.0,0.0,672.0,0.0,0.0,0.0,0.0,0.0,608.0,10.847089149999999,0.0,10.0,inf
Alex Newhook,THE FirePucks,162,85.10000000000001,7.0,10.0,12041.58333333,15.0,0.0,212.0,102.0,11.0,0.0,0.0,42.0,0.0,4.0,0.0,24.0,0.0,0.0,0.0,10.0,3.0,4.0,0.0,0.0,0.0,0.0,0.0,70.0,0.0,0.0,34050.0,0.0,2.0261904761904765
Alex Ovechkin,That Hoser Over There,210,264.7,1.0,31.0,25776.33333334,18.0,0.0,7.0,3.0,32.0,0.0,0.0,53.0,0.0,3.0,1.0,95.0,0.0,0.0,0.0,8.0,8.0,18.0,0.0,0.0,1.0,1.0,0.0,239.0,0.0,0.0,68793.0,0.0,4.994339622641509
Alex Pietrangelo,Vasili's POD SQUAD,171,132.10000000000002,-1.0,21.0,27610.16666667,116.0,28.0,0.0,0.0,7.0,0.0,0.0,51.0,0.0,0.0,0.0,43.0,0.0,0.0,0.0,36.0,2.0,9.0,0.0,1.0,1.0,2.0,0.0,143.0,0.0,0.0,77750.0,0.0,2.590196078431373
Alex Tuch,Team Ginsberg,104,79.55,2.0,15.0,8237.16666666,21.0,0.0,9.0,7.0,7.0,0.0,0.0,22.0,0.0,0.0,0.0,19.0,0.0,0.0,0.0,10.0,2.0,4.0,0.0,0.0,0.0,0.0,0.0,70.0,0.0,0.0,26003.0,0.0,3.6159090909090907
Alexandar Georgiev,IR Tony,10,2.6,0.0,0.0,0.0,0.0,0.0,0.0,0.0,0.0,2.0,1.84710108,0.0,1.0,0.0,0.0,0.0,0.0,3898.0,1.0,0.0,0.0,0.0,30.0,0.0,0.0,0.0,0.0,0.0,28.0,0.93333333,0.0,0.0,inf
Alexandar Georgiev,Vasili's POD SQUAD,12,10.6,0.0,0.0,0.0,0.0,0.0,0.0,0.0,0.0,1.0,1.00502513,0.0,1.0,0.0,0.0,0.0,0.0,3582.0,0.0,0.0,0.0,0.0,34.0,0.0,0.0,0.0,0.0,0.0,33.0,0.97058824,0.0,1.0,inf
Alexander Kerfoot,Vasili's POD SQUAD,13,0.15,0.0,0.0,863.0,0.0,0.0,1.0,0.0,0.0,0.0,0.0,1.0,0.0,0.0,0.0,0.0,0.0,0.0,0.0,0.0,0.0,0.0,0.0,0.0,0.0,0.0,0.0,1.0,0.0,0.0,863.0,0.0,0.15
Alexander Radulov,Team Hector,139,51.250000000000014,-8.0,11.0,13608.58333334,30.0,0.0,7.0,5.0,2.0,0.0,0.0,36.0,0.0,1.0,0.0,21.0,0.0,0.0,0.0,14.0,0.0,4.0,0.0,0.0,0.0,0.0,0.0,54.0,0.0,0.0,31573.0,0.0,1.4236111111111116
Alexis Lafreniere,Esther Island Esthers,141,51.00000000000001,-10.0,2.0,12871.49999999,14.0,0.0,22.0,5.0,7.0,0.0,0.0,38.0,0.0,2.0,0.0,57.0,0.0,0.0,0.0,22.0,0.0,0.0,0.0,0.0,0.0,0.0,0.0,51.0,0.0,0.0,32151.0,0.0,1.342105263157895
Anders Lee,Team Hector,152,97.19999999999999,-7.0,6.0,16094.833333350001,12.0,0.0,64.0,61.0,14.0,0.0,0.0,44.0,0.0,1.0,0.0,58.0,0.0,0.0,0.0,14.0,3.0,4.0,0.0,0.0,0.0,0.0,0.0,94.0,0.0,0.0,43978.0,0.0,2.209090909090909
Andre Burakovsky,Team Ginsberg,171,144.6,11.0,24.0,17484.91666666,22.0,0.0,11.0,7.0,16.0,0.0,0.0,51.0,0.0,3.0,1.0,35.0,0.0,0.0,0.0,14.0,3.0,7.0,0.0,0.0,0.0,0.0,0.0,93.0,0.0,0.0,49695.0,0.0,2.8352941176470585
Andreas Athanasiou,Vasili's POD SQUAD,15,0.6,0.0,0.0,791.0,0.0,0.0,0.0,0.0,0.0,0.0,0.0,1.0,0.0,0.0,0.0,0.0,0.0,0.0,0.0,2.0,0.0,0.0,0.0,0.0,0.0,0.0,0.0,4.0,0.0,0.0,791.0,0.0,0.6
Andreas Johnsson,Baltimore Bandits,30,9.3,-4.0,3.0,2776.25,3.0,0.0,1.0,0.0,0.0,0.0,0.0,8.0,0.0,0.0,0.0,2.0,0.0,0.0,0.0,0.0,0.0,0.0,0.0,0.0,0.0,0.0,0.0,16.0,0.0,0.0,7255.0,0.0,1.1625
Andreas Johnsson,Vasili's POD SQUAD,8,0.45,-1.0,0.0,803.0,0.0,0.0,0.0,0.0,0.0,0.0,0.0,1.0,0.0,0.0,0.0,1.0,0.0,0.0,0.0,0.0,0.0,0.0,0.0,0.0,0.0,0.0,0.0,2.0,0.0,0.0,803.0,0.0,0.45
Andrei Svechnikov,Brown Shoes w/ a Black Belt?,200,201.4,12.0,27.0,17526.58333334,10.0,0.0,5.0,0.0,22.0,0.0,0.0,48.0,0.0,4.0,0.0,107.0,0.0,0.0,0.0,59.0,6.0,16.0,0.0,0.0,0.0,0.0,0.0,169.0,0.0,0.0,49598.0,0.0,4.195833333333334
Andrei Vasilevskiy,IR Tony,171,236.79999999999998,0.0,0.0,0.0,0.0,0.0,0.0,0.0,0.0,90.0,42.30792978,0.0,39.0,0.0,0.0,0.0,8.0,141606.0,4.0,0.0,0.0,0.0,1139.0,0.0,0.0,0.0,2.0,0.0,1049.0,16.55521399,0.0,27.0,inf
Andrew Copp,Baltimore Bandits,153,117.35,2.0,16.0,20704.16666666,31.0,0.0,252.0,294.0,12.0,0.0,0.0,47.0,0.0,2.0,0.0,33.0,0.0,0.0,0.0,8.0,2.0,5.0,0.0,1.0,1.0,2.0,0.0,128.0,0.0,0.0,57672.0,0.0,2.4968085106382976
Andrew Mangiapane,Esther Island Esthers,160,156.25,13.0,9.0,15196.08333333,20.0,0.0,20.0,17.0,25.0,0.0,0.0,47.0,0.0,6.0,0.0,41.0,0.0,0.0,0.0,26.0,7.0,9.0,0.0,1.0,1.0,2.0,0.0,114.0,0.0,0.0,45130.0,0.0,3.324468085106383
Anthony Beauvillier,Team Ginsberg,21,28.750000000000004,0.0,4.0,6215.5833333400005,5.0,0.0,2.0,2.0,3.0,0.0,0.0,14.0,0.0,0.0,0.0,13.0,0.0,0.0,0.0,0.0,1.0,1.0,0.0,0.0,0.0,0.0,0.0,32.0,0.0,0.0,14399.0,0.0,2.053571428571429
Anthony Cirelli,Team Ginsberg,171,121.39999999999999,17.0,17.0,21224.75000001,44.0,0.0,304.0,270.0,13.0,0.0,0.0,45.0,0.0,3.0,0.0,50.0,0.0,0.0,0.0,37.0,3.0,5.0,0.0,0.0,0.0,0.0,0.0,94.0,0.0,0.0,52838.0,0.0,2.6977777777777776
Anthony Duclair,Baltimore Bandits,153,129.84999999999997,16.0,19.0,13975.41666666,12.0,0.0,0.0,0.0,16.0,0.0,0.0,39.0,0.0,3.0,0.0,18.0,0.0,0.0,0.0,6.0,3.0,10.0,0.0,0.0,0.0,0.0,0.0,85.0,0.0,0.0,36801.0,0.0,3.3294871794871788
Anthony Mantha,Vasili's POD SQUAD,10,22.15,0.0,4.0,3368.1666666700003,5.0,0.0,0.0,0.0,2.0,0.0,0.0,9.0,0.0,0.0,0.0,7.0,0.0,0.0,0.0,4.0,0.0,2.0,0.0,0.0,0.0,0.0,0.0,14.0,0.0,0.0,7446.0,0.0,2.461111111111111
Anthony Stolarz,Vasili's POD SQUAD,15,8.2,0.0,0.0,0.0,0.0,0.0,0.0,0.0,0.0,4.0,4.0,0.0,1.0,0.0,0.0,0.0,0.0,3600.0,0.0,0.0,0.0,0.0,40.0,0.0,0.0,0.0,0.0,0.0,36.0,0.9,0.0,1.0,inf
Anton Khudobin,Team Hector,8,12.6,0.0,0.0,0.0,0.0,0.0,0.0,0.0,0.0,9.0,8.25268028,0.0,3.0,0.0,0.0,0.0,1.0,11834.0,1.0,0.0,0.0,0.0,87.0,0.0,0.0,0.0,0.0,0.0,78.0,2.67532468,0.0,2.0,inf
Antti Raanta,Vasili's POD SQUAD,30,3.1999999999999997,0.0,0.0,0.0,0.0,0.0,0.0,0.0,0.0,10.0,16.193360509999998,0.0,3.0,0.0,0.0,0.0,1.0,8234.0,0.0,0.0,0.0,0.0,66.0,0.0,0.0,0.0,0.0,0.0,56.0,2.42224979,0.0,1.0,inf
Anze Kopitar,Baltimore Bandits,193,174.09999999999997,-7.0,30.0,23651.41666667,43.0,0.0,445.0,580.0,15.0,0.0,0.0,52.0,0.0,2.0,1.0,44.0,0.0,0.0,0.0,8.0,5.0,14.0,0.0,1.0,0.0,1.0,0.0,146.0,0.0,0.0,65241.0,0.0,3.3480769230769223
Artemi Panarin,Vasili's POD SQUAD,159,187.34999999999997,1.0,42.0,19678.16666665,12.0,0.0,1.0,0.0,14.0,0.0,0.0,48.0,0.0,5.0,0.0,12.0,0.0,0.0,0.0,14.0,5.0,25.0,0.0,0.0,0.0,0.0,0.0,121.0,0.0,0.0,55884.0,0.0,3.9031249999999993
Auston Matthews,Team Ginsberg,209,283.54999999999995,15.0,31.0,23292.85000001,39.0,0.0,349.0,483.0,37.0,0.0,0.0,51.0,0.0,6.0,2.0,44.0,0.0,0.0,0.0,10.0,12.0,22.0,0.0,0.0,0.0,0.0,0.0,221.0,0.0,0.0,62572.0,0.0,5.559803921568626
Blake Coleman,Lausanne  Automatons ,160,118.65,9.0,13.0,14662.649999989999,36.0,0.0,13.0,2.0,11.0,0.0,0.0,50.0,0.0,1.0,0.0,109.0,0.0,0.0,0.0,48.0,0.0,0.0,0.0,1.0,1.0,2.0,0.0,154.0,0.0,0.0,45791.0,0.0,2.373
Blake Wheeler,IR Tony,123,119.60000000000001,-10.0,28.0,15076.16666667,19.0,0.0,12.0,3.0,7.0,0.0,0.0,36.0,0.0,1.0,0.0,41.0,0.0,0.0,0.0,22.0,2.0,12.0,0.0,0.0,0.0,0.0,0.0,91.0,0.0,0.0,42393.0,0.0,3.3222222222222224
Bo Horvat,Esther Island Esthers,184,137.15,-3.0,11.0,21278.01666667,31.0,0.0,447.0,565.0,17.0,0.0,0.0,47.0,0.0,3.0,0.0,70.0,0.0,0.0,0.0,26.0,8.0,12.0,0.0,0.0,0.0,0.0,0.0,123.0,0.0,0.0,56228.0,0.0,2.918085106382979
Boone Jenner,Esther Island Esthers,168,149.70000000000002,-5.0,19.0,19542.83333334,46.0,0.0,439.0,491.0,17.0,0.0,0.0,47.0,0.0,2.0,0.0,58.0,0.0,0.0,0.0,20.0,4.0,6.0,0.0,0.0,0.0,0.0,0.0,132.0,0.0,0.0,57484.0,0.0,3.1851063829787236
Bowen Byram,THE FirePucks,66,38.85,1.0,5.0,11457.5,15.0,9.0,0.0,0.0,4.0,0.0,0.0,17.0,0.0,1.0,0.0,26.0,0.0,0.0,0.0,6.0,1.0,1.0,0.0,0.0,0.0,0.0,0.0,33.0,0.0,0.0,20146.0,0.0,2.2852941176470587
Brad Marchand,Lausanne  Automatons ,164,203.20000000000002,8.0,30.0,18329.83333333,12.0,0.0,9.0,6.0,22.0,0.0,0.0,39.0,0.0,4.0,1.0,45.0,0.0,0.0,0.0,58.0,5.0,23.0,0.0,0.0,2.0,2.0,0.0,127.0,0.0,0.0,45199.0,0.0,5.21025641025641
Braden Holtby,Vasili's POD SQUAD,60,19.0,0.0,0.0,0.0,0.0,0.0,0.0,0.0,0.0,26.0,22.55666866,0.0,9.0,0.0,0.0,0.0,6.0,32377.0,1.0,0.0,0.0,0.0,296.0,0.0,0.0,0.0,0.0,0.0,270.0,7.290563629999999,0.0,2.0,inf
Brady Tkachuk,Brown Shoes w/ a Black Belt?,152,172.15,0.0,20.0,16811.39285714,22.0,0.0,135.0,151.0,17.0,0.0,0.0,48.0,0.0,2.0,1.0,173.0,0.0,0.0,0.0,72.0,4.0,6.0,0.0,0.0,0.0,0.0,0.0,172.0,0.0,0.0,54173.0,0.0,3.5864583333333333
Brandon Saad,Baltimore Bandits,99,45.849999999999994,0.0,7.0,8889.58333333,6.0,0.0,2.0,2.0,5.0,0.0,0.0,23.0,0.0,0.0,0.0,8.0,0.0,0.0,0.0,2.0,2.0,2.0,0.0,1.0,0.0,1.0,0.0,43.0,0.0,0.0,23084.0,0.0,1.993478260869565
Brandon Saad,Vasili's POD SQUAD,9,6.15,-1.0,0.0,2120.25,1.0,0.0,1.0,1.0,1.0,0.0,0.0,5.0,0.0,0.0,0.0,1.0,0.0,0.0,0.0,0.0,0.0,0.0,0.0,0.0,0.0,0.0,0.0,12.0,0.0,0.0,5247.0,0.0,1.23
Brandon Tanev,Esther Island Esthers,55,77.75000000000001,4.0,6.0,8769.66666666,22.0,0.0,1.0,2.0,9.0,0.0,0.0,30.0,0.0,3.0,0.0,98.0,0.0,0.0,0.0,13.0,2.0,2.0,0.0,0.0,1.0,1.0,0.0,51.0,0.0,0.0,26309.0,0.0,2.5916666666666672
Brayden Point,Vasili's POD SQUAD,137,137.9,6.0,16.0,16607.33333333,9.0,0.0,196.0,201.0,19.0,0.0,0.0,36.0,0.0,3.0,0.0,28.0,0.0,0.0,0.0,20.0,3.0,8.0,0.0,0.0,0.0,0.0,0.0,106.0,0.0,0.0,42871.0,0.0,3.8305555555555557
Brayden Schenn,Esther Island Esthers,126,120.45,16.0,15.0,13128.0,7.0,0.0,133.0,123.0,16.0,0.0,0.0,34.0,0.0,2.0,0.0,48.0,0.0,0.0,0.0,15.0,5.0,9.0,0.0,0.0,0.0,0.0,0.0,59.0,0.0,0.0,34921.0,0.0,3.5426470588235297
Brendan Gallagher,That Hoser Over There,36,45.8,-3.0,6.0,7431.08333333,14.0,0.0,12.0,8.0,4.0,0.0,0.0,23.0,0.0,0.0,0.0,23.0,0.0,0.0,0.0,24.0,3.0,3.0,0.0,0.0,0.0,0.0,0.0,57.0,0.0,0.0,21382.0,0.0,1.9913043478260868
Brent Burns,Team Hector,171,146.05,-12.0,33.0,28543.08333332,101.0,38.0,1.0,0.0,5.0,0.0,0.0,53.0,0.0,0.0,0.0,35.0,0.0,0.0,0.0,28.0,2.0,12.0,0.0,1.0,0.0,1.0,0.0,144.0,0.0,0.0,83829.0,0.0,2.755660377358491
Brian Elliott,Vasili's POD SQUAD,8,11.6,0.0,0.0,0.0,0.0,0.0,0.0,0.0,0.0,1.0,1.0,0.0,1.0,0.0,0.0,0.0,0.0,3600.0,0.0,0.0,0.0,0.0,39.0,0.0,0.0,0.0,0.0,0.0,38.0,0.97435897,0.0,1.0,inf
Brock Boeser,Brown Shoes w/ a Black Belt?,186,120.55,-8.0,14.0,18918.60000001,18.0,0.0,14.0,10.0,13.0,0.0,0.0,46.0,0.0,4.0,0.0,19.0,0.0,0.0,0.0,8.0,7.0,13.0,0.0,1.0,0.0,1.0,0.0,134.0,0.0,0.0,52005.0,0.0,2.6206521739130433
Brock Nelson,That Hoser Over There,124,113.2,-2.0,9.0,13543.149999989999,20.0,0.0,256.0,244.0,17.0,0.0,0.0,38.0,0.0,1.0,1.0,23.0,0.0,0.0,0.0,27.0,2.0,5.0,0.0,0.0,0.0,0.0,0.0,85.0,0.0,0.0,39552.0,0.0,2.9789473684210526
Bryan Rust,Lausanne  Automatons ,99,112.6,4.0,18.0,10101.58333333,14.0,0.0,2.0,1.0,11.0,0.0,0.0,29.0,0.0,0.0,0.0,18.0,0.0,0.0,0.0,6.0,5.0,13.0,0.0,0.0,0.0,0.0,0.0,94.0,0.0,0.0,32686.0,0.0,3.882758620689655
Cal Petersen,Vasili's POD SQUAD,33,25.599999999999998,0.0,0.0,0.0,0.0,0.0,0.0,0.0,0.0,28.0,21.23050985,0.0,9.0,0.0,0.0,0.0,4.0,32333.0,1.0,0.0,0.0,0.0,261.0,0.0,0.0,0.0,0.0,0.0,233.0,6.21382602,0.0,4.0,inf
Cale Makar,THE FirePucks,167,210.94999999999996,34.0,38.0,25545.25000001,59.0,56.0,0.0,0.0,18.0,0.0,0.0,49.0,0.0,5.0,0.0,60.0,0.0,0.0,0.0,8.0,4.0,21.0,0.0,0.0,0.0,0.0,0.0,141.0,0.0,0.0,73984.0,0.0,4.305102040816326
Cam Atkinson,That Hoser Over There,171,156.95,7.0,21.0,20052.91666667,35.0,0.0,8.0,4.0,18.0,0.0,0.0,52.0,0.0,5.0,1.0,17.0,0.0,0.0,0.0,8.0,2.0,5.0,0.0,0.0,3.0,3.0,0.0,156.0,0.0,0.0,57490.0,0.0,3.0182692307692305
Cam Fowler,Esther Island Esthers,131,80.49999999999999,-6.0,16.0,19016.13333333,55.0,20.0,0.0,0.0,4.0,0.0,0.0,38.0,0.0,0.0,0.0,20.0,0.0,0.0,0.0,4.0,3.0,8.0,0.0,0.0,0.0,0.0,0.0,70.0,0.0,0.0,55680.0,0.0,2.1184210526315788
Cam Talbot,That Hoser Over There,117,115.79999999999998,0.0,0.0,0.0,0.0,0.0,0.0,0.0,0.0,72.0,42.9462831,0.0,24.0,0.0,0.0,0.0,9.0,85202.0,1.0,0.0,0.0,0.0,776.0,0.0,0.0,0.0,1.0,0.0,704.0,12.67645067,0.0,14.0,inf
Carter Hart,Brown Shoes w/ a Black Belt?,141,87.0,0.0,0.0,0.0,0.0,0.0,0.0,0.0,0.0,82.0,46.7352915,0.0,29.0,0.0,0.0,0.0,15.0,102116.0,5.0,0.0,0.0,0.0,927.0,0.0,0.0,0.0,1.0,0.0,845.0,13.566729120000002,0.0,9.0,inf
Carter Verhaeghe,IR Tony,11,7.05,0.0,1.0,2197.0,0.0,0.0,0.0,1.0,1.0,0.0,0.0,3.0,0.0,0.0,0.0,2.0,0.0,0.0,0.0,2.0,0.0,0.0,0.0,0.0,0.0,0.0,0.0,5.0,0.0,0.0,3248.0,0.0,2.35
Carter Verhaeghe,Vasili's POD SQUAD,162,109.7,13.0,18.0,15810.33333333,10.0,0.0,3.0,10.0,13.0,0.0,0.0,43.0,0.0,1.0,0.0,24.0,0.0,0.0,0.0,26.0,0.0,2.0,0.0,0.0,0.0,0.0,0.0,94.0,0.0,0.0,42690.0,0.0,2.5511627906976746
Casey DeSmith,That Hoser Over There,12,-0.4,0.0,0.0,0.0,0.0,0.0,0.0,0.0,0.0,3.0,5.32281912,0.0,1.0,0.0,0.0,0.0,0.0,2029.0,0.0,0.0,0.0,0.0,16.0,0.0,0.0,0.0,0.0,0.0,13.0,0.8125,0.0,0.0,-inf
Casey DeSmith,Vasili's POD SQUAD,14,0.0,0.0,0.0,0.0,0.0,0.0,0.0,0.0,0.0,2.0,6.0,0.0,1.0,0.0,0.0,0.0,0.0,1200.0,0.0,0.0,0.0,0.0,12.0,0.0,0.0,0.0,0.0,0.0,10.0,0.83333333,0.0,0.0,
Chandler Stephenson,Baltimore Bandits,171,136.45,2.0,26.0,20999.83333333,28.0,0.0,402.0,397.0,13.0,0.0,0.0,49.0,0.0,1.0,0.0,46.0,0.0,0.0,0.0,22.0,1.0,7.0,0.0,1.0,1.0,2.0,0.0,73.0,0.0,0.0,57038.0,0.0,2.78469387755102
Charlie McAvoy,Esther Island Esthers,210,145.15000000000003,14.0,29.0,29006.75000001,76.0,36.0,0.0,0.0,7.0,0.0,0.0,50.0,0.0,3.0,0.0,95.0,0.0,0.0,0.0,42.0,4.0,15.0,0.0,0.0,0.0,0.0,0.0,98.0,0.0,0.0,73173.0,0.0,2.9030000000000005
Chris Kreider,Esther Island Esthers,148,204.54999999999998,14.0,11.0,18200.83333333,20.0,0.0,32.0,44.0,30.0,0.0,0.0,46.0,0.0,4.0,1.0,88.0,0.0,0.0,0.0,20.0,15.0,19.0,0.0,0.0,2.0,2.0,0.0,149.0,0.0,0.0,51859.0,0.0,4.446739130434782
Chris Tierney,Baltimore Bandits,4,5.6,-2.0,0.0,852.25,2.0,0.0,22.0,16.0,1.0,0.0,0.0,4.0,0.0,0.0,0.0,2.0,0.0,0.0,0.0,0.0,0.0,0.0,0.0,0.0,0.0,0.0,0.0,6.0,0.0,0.0,3409.0,0.0,1.4
Christian Dvorak,Brown Shoes w/ a Black Belt?,36,45.15,-14.0,6.0,8962.41666666,35.0,0.0,197.0,236.0,4.0,0.0,0.0,24.0,0.0,0.0,0.0,15.0,0.0,0.0,0.0,18.0,0.0,1.0,0.0,0.0,0.0,0.0,0.0,46.0,0.0,0.0,26846.0,0.0,1.8812499999999999
Claude Giroux,Baltimore Bandits,159,150.04999999999998,-10.0,22.0,19709.58333333,10.0,0.0,313.0,506.0,17.0,0.0,0.0,49.0,0.0,0.0,0.0,36.0,0.0,0.0,0.0,16.0,3.0,11.0,0.0,0.0,0.0,0.0,0.0,131.0,0.0,0.0,56538.0,0.0,3.062244897959183
Clayton Keller,Team Ginsberg,171,171.95000000000002,-6.0,25.0,21981.88333333,26.0,0.0,35.0,24.0,21.0,0.0,0.0,53.0,0.0,2.0,0.0,15.0,0.0,0.0,0.0,26.0,3.0,6.0,0.0,1.0,1.0,2.0,0.0,150.0,0.0,0.0,63886.0,0.0,3.2443396226415095
Cole Caufield,Brown Shoes w/ a Black Belt?,84,45.2,-5.0,8.0,7974.91666667,1.0,0.0,1.0,1.0,4.0,0.0,0.0,23.0,0.0,0.0,0.0,6.0,0.0,0.0,0.0,6.0,1.0,4.0,0.0,0.0,0.0,0.0,0.0,54.0,0.0,0.0,20210.0,0.0,1.965217391304348
Cole Perfetti,THE FirePucks,88,25.1,1.0,5.0,5664.25,2.0,0.0,3.0,0.0,2.0,0.0,0.0,18.0,0.0,1.0,0.0,17.0,0.0,0.0,0.0,0.0,0.0,1.0,0.0,0.0,0.0,0.0,0.0,21.0,0.0,0.0,15280.0,0.0,1.3944444444444446
Colton Parayko,Baltimore Bandits,6,13.75,6.0,2.0,4665.66666667,19.0,3.0,0.0,0.0,1.0,0.0,0.0,7.0,0.0,0.0,0.0,4.0,0.0,0.0,0.0,6.0,0.0,0.0,0.0,0.0,0.0,0.0,0.0,9.0,0.0,0.0,10705.0,0.0,1.9642857142857142
Connor Brown,Team Ginsberg,119,96.5,-2.0,21.0,15906.98333333,24.0,0.0,35.0,29.0,7.0,0.0,0.0,37.0,0.0,0.0,0.0,10.0,0.0,0.0,0.0,4.0,0.0,7.0,0.0,3.0,0.0,3.0,0.0,68.0,0.0,0.0,45453.0,0.0,2.608108108108108
Connor Hellebuyck,That Hoser Over There,167,156.8,0.0,0.0,0.0,0.0,0.0,0.0,0.0,0.0,113.0,48.274487449999995,0.0,40.0,0.0,0.0,0.0,17.0,141731.0,7.0,0.0,0.0,0.0,1277.0,0.0,0.0,0.0,3.0,0.0,1164.0,15.52585168,0.0,16.0,inf
Connor Ingram,Vasili's POD SQUAD,4,-2.0,0.0,0.0,0.0,0.0,0.0,0.0,0.0,0.0,4.0,4.02797203,0.0,1.0,0.0,0.0,0.0,1.0,3575.0,0.0,0.0,0.0,0.0,29.0,0.0,0.0,0.0,0.0,0.0,25.0,0.86206897,0.0,0.0,-inf
Connor McDavid,Baltimore Bandits,171,278.70000000000005,11.0,47.0,24216.16666666,18.0,0.0,297.0,348.0,28.0,0.0,0.0,52.0,0.0,3.0,1.0,50.0,0.0,0.0,0.0,35.0,7.0,29.0,0.0,0.0,0.0,0.0,0.0,204.0,0.0,0.0,69642.0,0.0,5.359615384615386
Conor Garland,Team Hector,55,73.65,5.0,10.0,9944.74999999,9.0,0.0,4.0,1.0,9.0,0.0,0.0,29.0,0.0,3.0,0.0,17.0,0.0,0.0,0.0,24.0,1.0,1.0,0.0,0.0,0.0,0.0,0.0,82.0,0.0,0.0,28528.0,0.0,2.5396551724137932
Damon Severson,Baltimore Bandits,39,1.6,2.0,0.0,2598.0,2.0,0.0,0.0,0.0,0.0,0.0,0.0,2.0,0.0,0.0,0.0,2.0,0.0,0.0,0.0,0.0,0.0,0.0,0.0,0.0,0.0,0.0,0.0,6.0,0.0,0.0,2598.0,0.0,0.8
Dan Vladar,Baltimore Bandits,80,12.799999999999999,0.0,0.0,0.0,0.0,0.0,0.0,0.0,0.0,23.0,24.85846988,0.0,5.0,0.0,0.0,0.0,3.0,20750.0,0.0,0.0,0.0,0.0,172.0,0.0,0.0,0.0,0.0,0.0,149.0,5.2797673000000005,0.0,3.0,inf
Danton Heinen,That Hoser Over There,2,0.5,0.0,0.0,957.0,1.0,0.0,0.0,0.0,0.0,0.0,0.0,1.0,0.0,0.0,0.0,1.0,0.0,0.0,0.0,0.0,0.0,0.0,0.0,0.0,0.0,0.0,0.0,1.0,0.0,0.0,957.0,0.0,0.5
Darcy Kuemper,Vasili's POD SQUAD,163,208.40000000000003,0.0,0.0,0.0,0.0,0.0,0.0,0.0,0.0,81.0,43.42731530000001,0.0,34.0,0.0,0.0,0.0,6.0,115084.0,2.0,0.0,0.0,0.0,978.0,0.0,0.0,0.0,3.0,0.0,897.0,15.583912110000002,0.0,23.0,inf
Darnell Nurse,That Hoser Over There,156,113.55000000000001,7.0,14.0,25470.2,80.0,19.0,0.0,0.0,5.0,0.0,0.0,44.0,0.0,0.0,0.0,147.0,0.0,0.0,0.0,32.0,0.0,5.0,0.0,0.0,0.0,0.0,0.0,150.0,0.0,0.0,69466.0,0.0,2.5806818181818185
David Pastrnak,Team Hector,55,85.25,1.0,13.0,11684.666666680001,5.0,0.0,6.0,3.0,8.0,0.0,0.0,26.0,0.0,1.0,0.0,20.0,0.0,0.0,0.0,8.0,4.0,6.0,0.0,0.0,0.0,0.0,0.0,115.0,0.0,0.0,30671.0,0.0,3.2788461538461537
David Perron,Vasili's POD SQUAD,131,110.45,3.0,15.0,14037.66666667,8.0,0.0,2.0,1.0,11.0,0.0,0.0,38.0,0.0,1.0,1.0,50.0,0.0,0.0,0.0,30.0,5.0,12.0,0.0,0.0,0.0,0.0,0.0,89.0,0.0,0.0,38095.0,0.0,2.906578947368421
Dawson Mercer,THE FirePucks,204,82.45000000000002,-10.0,13.0,16696.63333333,21.0,0.0,229.0,116.0,9.0,0.0,0.0,41.0,0.0,3.0,0.0,9.0,0.0,0.0,0.0,8.0,3.0,4.0,0.0,0.0,1.0,1.0,0.0,66.0,0.0,0.0,39834.0,0.0,2.010975609756098
Devon Toews,Team Ginsberg,151,134.4,41.0,30.0,19743.83333334,53.0,39.0,0.0,0.0,9.0,0.0,0.0,41.0,0.0,1.0,0.0,36.0,0.0,0.0,0.0,10.0,2.0,8.0,0.0,0.0,0.0,0.0,0.0,96.0,0.0,0.0,62864.0,0.0,3.278048780487805
Dominik Kubalik,IR Tony,153,95.95,-17.0,9.0,15348.16666667,20.0,0.0,8.0,7.0,10.0,0.0,0.0,51.0,0.0,0.0,0.0,65.0,0.0,0.0,0.0,10.0,3.0,8.0,0.0,0.0,0.0,0.0,0.0,108.0,0.0,0.0,45830.0,0.0,1.8813725490196078
Dougie Hamilton,Lausanne  Automatons ,123,107.34999999999998,1.0,14.0,17284.66666665,52.0,23.0,0.0,0.0,9.0,0.0,0.0,34.0,0.0,0.0,0.0,49.0,0.0,0.0,0.0,22.0,2.0,7.0,0.0,0.0,0.0,0.0,0.0,124.0,0.0,0.0,43259.0,0.0,3.15735294117647
Drake Batherson,Lausanne  Automatons ,84,129.45,5.0,21.0,11945.83333334,12.0,0.0,10.0,14.0,13.0,0.0,0.0,29.0,0.0,0.0,1.0,59.0,0.0,0.0,0.0,16.0,2.0,12.0,0.0,0.0,0.0,0.0,0.0,68.0,0.0,0.0,32946.0,0.0,4.463793103448276
Drew Doughty,Baltimore Bandits,168,94.45,-1.0,19.0,21038.91666667,40.0,24.0,0.0,0.0,5.0,0.0,0.0,32.0,0.0,0.0,0.0,46.0,0.0,0.0,0.0,24.0,3.0,10.0,0.0,0.0,0.0,0.0,0.0,77.0,0.0,0.0,48755.0,0.0,2.9515625
Dustin Brown,That Hoser Over There,1,1.2,0.0,0.0,1290.0,0.0,0.0,0.0,0.0,0.0,0.0,0.0,1.0,0.0,0.0,0.0,5.0,0.0,0.0,0.0,0.0,0.0,0.0,0.0,0.0,0.0,0.0,0.0,3.0,0.0,0.0,1290.0,0.0,1.2
Dylan Cozens,Esther Island Esthers,148,98.00000000000001,-8.0,15.0,15207.58333334,16.0,0.0,276.0,212.0,11.0,0.0,0.0,45.0,0.0,1.0,0.0,21.0,0.0,0.0,0.0,21.0,0.0,3.0,0.0,1.0,0.0,1.0,0.0,91.0,0.0,0.0,42758.0,0.0,2.177777777777778
Dylan Larkin,THE FirePucks,132,75.3,-1.0,10.0,7541.999999989999,2.0,0.0,144.0,141.0,10.0,0.0,0.0,15.0,0.0,1.0,0.0,12.0,0.0,0.0,0.0,10.0,2.0,5.0,0.0,0.0,0.0,0.0,0.0,54.0,0.0,0.0,18829.0,0.0,5.02
Dylan Larkin,Vasili's POD SQUAD,78,119.85000000000001,3.0,15.0,13212.16666666,14.0,0.0,208.0,247.0,16.0,0.0,0.0,31.0,0.0,3.0,1.0,22.0,0.0,0.0,0.0,23.0,3.0,5.0,0.0,0.0,0.0,0.0,0.0,85.0,0.0,0.0,34586.0,0.0,3.8661290322580646
Eeli Tolvanen,THE FirePucks,6,8.85,0.0,0.0,2190.0,1.0,0.0,0.0,0.0,1.0,0.0,0.0,8.0,0.0,0.0,0.0,6.0,0.0,0.0,0.0,0.0,0.0,0.0,0.0,0.0,0.0,0.0,0.0,25.0,0.0,0.0,5552.0,0.0,1.10625
Elias Lindholm,THE FirePucks,161,197.89999999999998,39.0,28.0,20609.58333334,28.0,0.0,447.0,504.0,23.0,0.0,0.0,51.0,0.0,6.0,1.0,37.0,0.0,0.0,0.0,10.0,6.0,13.0,0.0,1.0,1.0,2.0,0.0,145.0,0.0,0.0,61544.0,0.0,3.8803921568627446
Elias Pettersson,Brown Shoes w/ a Black Belt?,198,133.50000000000003,-4.0,18.0,20386.7,29.0,0.0,223.0,166.0,14.0,0.0,0.0,52.0,0.0,0.0,0.0,30.0,0.0,0.0,0.0,8.0,5.0,14.0,0.0,0.0,1.0,1.0,0.0,108.0,0.0,0.0,56237.0,0.0,2.567307692307693
Elvis Merzlikins,Esther Island Esthers,134,113.8,0.0,0.0,0.0,0.0,0.0,0.0,0.0,0.0,88.0,49.84641728,0.0,27.0,0.0,0.0,0.0,12.0,90930.0,1.0,0.0,0.0,0.0,907.0,0.0,0.0,0.0,1.0,0.0,819.0,12.68168868,0.0,14.0,inf
Eric Comrie,Vasili's POD SQUAD,6,-0.8,0.0,0.0,0.0,0.0,0.0,0.0,0.0,0.0,3.0,3.10612597,0.0,1.0,0.0,0.0,0.0,1.0,3477.0,0.0,0.0,0.0,0.0,29.0,0.0,0.0,0.0,0.0,0.0,26.0,0.89655172,0.0,0.0,-inf
Erik Karlsson,Team Hector,101,97.35,-4.0,18.0,17840.83333334,34.0,26.0,0.0,0.0,8.0,0.0,0.0,33.0,0.0,2.0,0.0,14.0,0.0,0.0,0.0,14.0,0.0,8.0,0.0,0.0,0.0,0.0,0.0,83.0,0.0,0.0,45742.0,0.0,2.9499999999999997
Evan Bouchard,THE FirePucks,165,93.05,-7.0,13.0,17901.85,51.0,21.0,0.0,0.0,8.0,0.0,0.0,43.0,0.0,0.0,0.0,43.0,0.0,0.0,0.0,16.0,2.0,3.0,0.0,1.0,0.0,1.0,0.0,96.0,0.0,0.0,51898.0,0.0,2.163953488372093
Evan Rodrigues,IR Tony,129,66.65,-9.0,5.0,10448.75,13.0,0.0,73.0,72.0,7.0,0.0,0.0,30.0,0.0,1.0,1.0,41.0,0.0,0.0,0.0,6.0,4.0,5.0,0.0,0.0,0.0,0.0,0.0,86.0,0.0,0.0,30665.0,0.0,2.2216666666666667
Evgeni Malkin,IR Tony,93,76.75,-4.0,10.0,6526.08333333,6.0,0.0,84.0,68.0,9.0,0.0,0.0,17.0,0.0,2.0,0.0,9.0,0.0,0.0,0.0,10.0,6.0,11.0,0.0,0.0,0.0,0.0,0.0,48.0,0.0,0.0,18436.0,0.0,4.514705882352941
Evgenii Dadonov,Brown Shoes w/ a Black Belt?,153,79.00000000000001,-3.0,9.0,16439.83333334,18.0,0.0,2.0,0.0,8.0,0.0,0.0,46.0,0.0,2.0,0.0,39.0,0.0,0.0,0.0,10.0,1.0,2.0,0.0,0.0,0.0,0.0,0.0,117.0,0.0,0.0,44417.0,0.0,1.7173913043478264
Evgeny Kuznetsov,Baltimore Bandits,200,179.15000000000003,4.0,35.0,23826.45,19.0,0.0,467.0,355.0,15.0,0.0,0.0,53.0,0.0,3.0,0.0,29.0,0.0,0.0,0.0,26.0,3.0,16.0,0.0,2.0,2.0,4.0,0.0,140.0,0.0,0.0,66626.0,0.0,3.3801886792452835
Filip Chytil,Team Ginsberg,23,8.0,-3.0,0.0,3076.8333333299997,2.0,0.0,33.0,27.0,1.0,0.0,0.0,9.0,0.0,0.0,0.0,4.0,0.0,0.0,0.0,2.0,0.0,0.0,0.0,0.0,0.0,0.0,0.0,20.0,0.0,0.0,6850.0,0.0,0.8888888888888888
Filip Forsberg,Team Hector,10,29.7,-2.0,3.0,4140.75,6.0,0.0,0.0,0.0,4.0,0.0,0.0,9.0,0.0,1.0,0.0,8.0,0.0,0.0,0.0,2.0,0.0,2.0,0.0,0.0,0.0,0.0,0.0,22.0,0.0,0.0,9731.0,0.0,3.3
Filip Gustavsson,Vasili's POD SQUAD,4,1.6,0.0,0.0,0.0,0.0,0.0,0.0,0.0,0.0,5.0,4.86881255,0.0,1.0,0.0,0.0,0.0,0.0,3697.0,1.0,0.0,0.0,0.0,43.0,0.0,0.0,0.0,0.0,0.0,38.0,0.88372093,0.0,0.0,inf
Filip Hronek,Vasili's POD SQUAD,36,40.800000000000004,2.0,10.0,10967.5,35.0,11.0,0.0,0.0,1.0,0.0,0.0,21.0,0.0,0.0,0.0,17.0,0.0,0.0,0.0,24.0,0.0,2.0,0.0,0.0,0.0,0.0,0.0,35.0,0.0,0.0,28907.0,0.0,1.942857142857143
Filip Zadina,THE FirePucks,20,9.3,-1.0,1.0,4588.5833333400005,6.0,0.0,0.0,0.0,0.0,0.0,0.0,12.0,0.0,0.0,0.0,8.0,0.0,0.0,0.0,2.0,0.0,1.0,0.0,0.0,0.0,0.0,0.0,26.0,0.0,0.0,11156.0,0.0,0.775
Frank Vatrano,That Hoser Over There,1,2.35,1.0,1.0,555.0,1.0,0.0,0.0,0.0,0.0,0.0,0.0,1.0,0.0,0.0,0.0,1.0,0.0,0.0,0.0,4.0,0.0,0.0,0.0,0.0,0.0,0.0,0.0,0.0,0.0,0.0,555.0,0.0,2.35
Frederick Gaudreau,Team Ginsberg,18,10.3,1.0,0.0,1007.0,1.0,0.0,25.0,14.0,2.0,0.0,0.0,3.0,0.0,0.0,0.0,3.0,0.0,0.0,0.0,2.0,0.0,0.0,0.0,0.0,0.0,0.0,0.0,11.0,0.0,0.0,3021.0,0.0,3.4333333333333336
Frederik Andersen,Lausanne  Automatons ,160,232.39999999999995,0.0,0.0,0.0,0.0,0.0,0.0,0.0,0.0,68.0,37.15003129,0.0,33.0,0.0,0.0,0.0,6.0,117987.0,2.0,0.0,0.0,0.0,970.0,0.0,0.0,0.0,3.0,0.0,902.0,15.70058031,0.0,25.0,inf
Gabriel Landeskog,Vasili's POD SQUAD,148,218.69999999999993,25.0,26.0,19589.16666666,31.0,0.0,186.0,226.0,28.0,0.0,0.0,44.0,0.0,5.0,2.0,83.0,0.0,0.0,0.0,57.0,6.0,13.0,0.0,0.0,0.0,0.0,0.0,127.0,0.0,0.0,53927.0,0.0,4.970454545454544
Gustav Nyquist,Vasili's POD SQUAD,51,23.35,-1.0,5.0,3270.4166666700003,5.0,0.0,2.0,6.0,2.0,0.0,0.0,11.0,0.0,0.0,0.0,9.0,0.0,0.0,0.0,0.0,0.0,0.0,0.0,0.0,0.0,0.0,0.0,20.0,0.0,0.0,12001.0,0.0,2.122727272727273
Igor Shesterkin,Team Ginsberg,140,236.39999999999995,0.0,0.0,0.0,0.0,0.0,0.0,0.0,0.0,65.0,30.53827051999999,0.0,32.0,0.0,0.0,0.0,6.0,114985.0,3.0,0.0,0.0,0.0,1052.0,0.0,0.0,0.0,2.0,0.0,987.0,14.083918220000001,0.0,23.0,inf
Ilya Mikheyev,Baltimore Bandits,132,46.849999999999994,5.0,5.0,7553.91666667,6.0,0.0,0.0,0.0,6.0,0.0,0.0,21.0,0.0,3.0,0.0,19.0,0.0,0.0,0.0,4.0,0.0,0.0,0.0,0.0,1.0,1.0,0.0,52.0,0.0,0.0,18915.0,0.0,2.2309523809523806
Ilya Samsonov,Baltimore Bandits,195,122.6,0.0,0.0,0.0,0.0,0.0,0.0,0.0,0.0,86.0,70.11740392,0.0,28.0,0.0,0.0,0.0,9.0,99724.0,3.0,0.0,0.0,0.0,829.0,0.0,0.0,0.0,2.0,0.0,743.0,15.635393389999999,0.0,16.0,inf
Ilya Sorokin,THE FirePucks,148,158.8,0.0,0.0,0.0,0.0,0.0,0.0,0.0,0.0,80.0,40.43208646,0.0,33.0,0.0,0.0,0.0,11.0,117127.0,7.0,0.0,0.0,0.0,999.0,0.0,0.0,0.0,4.0,0.0,919.0,14.688329079999999,0.0,15.0,inf
Ivan Barbashev,That Hoser Over There,73,52.85,1.0,9.0,6417.0,8.0,0.0,64.0,42.0,5.0,0.0,0.0,16.0,0.0,1.0,0.0,27.0,0.0,0.0,0.0,6.0,1.0,4.0,0.0,1.0,0.0,1.0,0.0,28.0,0.0,0.0,16961.0,0.0,3.303125
Ivan Barbashev,Vasili's POD SQUAD,17,0.8,1.0,0.0,1006.0,1.0,0.0,0.0,0.0,0.0,0.0,0.0,1.0,0.0,0.0,0.0,4.0,0.0,0.0,0.0,0.0,0.0,0.0,0.0,0.0,0.0,0.0,0.0,0.0,0.0,0.0,1006.0,0.0,0.8
Ivan Provorov,THE FirePucks,3,6.3,3.0,1.0,3219.3333333299997,17.0,1.0,0.0,0.0,0.0,0.0,0.0,4.0,0.0,0.0,0.0,2.0,0.0,0.0,0.0,4.0,0.0,0.0,0.0,0.0,0.0,0.0,0.0,4.0,0.0,0.0,6132.0,0.0,1.575
Ivan Provorov,Vasili's POD SQUAD,8,0.7,-2.0,0.0,1419.0,2.0,0.0,0.0,0.0,0.0,0.0,0.0,1.0,0.0,0.0,0.0,0.0,0.0,0.0,0.0,0.0,0.0,0.0,0.0,0.0,0.0,0.0,0.0,2.0,0.0,0.0,1419.0,0.0,0.7
J.T. Compher,Baltimore Bandits,9,5.199999999999999,0.0,0.0,1926.0,3.0,0.0,19.0,15.0,1.0,0.0,0.0,4.0,0.0,0.0,0.0,0.0,0.0,0.0,0.0,0.0,0.0,0.0,0.0,0.0,0.0,0.0,0.0,4.0,0.0,0.0,3852.0,0.0,1.2999999999999998
J.T. Compher,That Hoser Over There,2,1.9,-2.0,0.0,1182.0,5.0,0.0,6.0,7.0,0.0,0.0,0.0,2.0,0.0,0.0,0.0,2.0,0.0,0.0,0.0,0.0,0.0,0.0,0.0,0.0,0.0,0.0,0.0,4.0,0.0,0.0,2364.0,0.0,0.95
J.T. Compher,Vasili's POD SQUAD,19,2.65,1.0,1.0,2222.0,1.0,0.0,8.0,17.0,0.0,0.0,0.0,2.0,0.0,0.0,0.0,1.0,0.0,0.0,0.0,0.0,0.0,0.0,0.0,0.0,0.0,0.0,0.0,2.0,0.0,0.0,2222.0,0.0,1.325
J.T. Miller,That Hoser Over There,198,232.5,4.0,40.0,23653.78333333,38.0,0.0,360.0,415.0,20.0,0.0,0.0,53.0,0.0,5.0,1.0,120.0,0.0,0.0,0.0,37.0,6.0,26.0,0.0,0.0,0.0,0.0,0.0,126.0,0.0,0.0,66200.0,0.0,4.386792452830188
Jack Campbell,IR Tony,171,197.19999999999993,0.0,0.0,0.0,0.0,0.0,0.0,0.0,0.0,89.0,46.913305990000005,0.0,35.0,0.0,0.0,0.0,8.0,121690.0,4.0,0.0,0.0,0.0,1035.0,0.0,0.0,0.0,4.0,0.0,946.0,16.40299326,0.0,21.0,inf
Jack Eichel,THE FirePucks,35,14.15,1.0,3.0,2172.0,5.0,0.0,25.0,27.0,1.0,0.0,0.0,5.0,0.0,1.0,0.0,7.0,0.0,0.0,0.0,4.0,0.0,0.0,0.0,0.0,0.0,0.0,0.0,14.0,0.0,0.0,5384.0,0.0,2.83
Jack Hughes,Esther Island Esthers,166,112.35,-10.0,18.0,14343.83333333,11.0,0.0,159.0,67.0,13.0,0.0,0.0,30.0,0.0,1.0,0.0,3.0,0.0,0.0,0.0,0.0,2.0,7.0,0.0,0.0,0.0,0.0,0.0,98.0,0.0,0.0,34352.0,0.0,3.7449999999999997
Jack Roslovic,IR Tony,3,5.8,0.0,2.0,1603.66666667,0.0,0.0,29.0,16.0,0.0,0.0,0.0,5.0,0.0,0.0,0.0,3.0,0.0,0.0,0.0,0.0,0.0,0.0,0.0,0.0,0.0,0.0,0.0,9.0,0.0,0.0,3958.0,0.0,1.16
Jacob Markstrom,Lausanne  Automatons ,161,249.60000000000002,0.0,0.0,0.0,0.0,0.0,0.0,0.0,0.0,86.0,42.06575227999999,0.0,41.0,0.0,0.0,0.0,11.0,145509.0,5.0,0.0,0.0,0.0,1154.0,0.0,0.0,0.0,8.0,0.0,1068.0,15.57865789,0.0,24.0,inf
Jacob Trouba,IR Tony,171,134.85,9.0,16.0,24734.41666666,119.0,24.0,0.0,0.0,8.0,0.0,0.0,53.0,0.0,1.0,0.0,144.0,0.0,0.0,0.0,71.0,1.0,3.0,0.0,1.0,0.0,1.0,0.0,143.0,0.0,0.0,72217.0,0.0,2.5443396226415094
Jaden Schwartz,Team Ginsberg,60,59.74999999999999,-7.0,10.0,8272.0,6.0,0.0,9.0,8.0,6.0,0.0,0.0,20.0,0.0,0.0,0.0,20.0,0.0,0.0,0.0,6.0,1.0,3.0,0.0,0.0,0.0,0.0,0.0,57.0,0.0,0.0,21502.0,0.0,2.9875
Jaden Schwartz,That Hoser Over There,3,2.8,-1.0,1.0,2305.5,1.0,0.0,3.0,2.0,0.0,0.0,0.0,3.0,0.0,0.0,0.0,3.0,0.0,0.0,0.0,2.0,0.0,0.0,0.0,0.0,0.0,0.0,0.0,1.0,0.0,0.0,3501.0,0.0,0.9333333333333332
Jake Allen,Vasili's POD SQUAD,30,-0.20000000000000018,0.0,0.0,0.0,0.0,0.0,0.0,0.0,0.0,28.0,16.00213182,0.0,8.0,0.0,0.0,0.0,7.0,28798.0,1.0,0.0,0.0,0.0,277.0,0.0,0.0,0.0,0.0,0.0,249.0,3.5303768800000004,0.0,0.0,-inf
Jake Guentzel,Baltimore Bandits,150,206.25,5.0,27.0,18662.0,27.0,0.0,10.0,11.0,24.0,0.0,0.0,48.0,0.0,5.0,1.0,49.0,0.0,0.0,0.0,32.0,6.0,16.0,0.0,0.0,0.0,0.0,0.0,170.0,0.0,0.0,56910.0,0.0,4.296875
Jake Muzzin,Lausanne  Automatons ,3,4.2,-2.0,1.0,2321.0,5.0,1.0,0.0,0.0,0.0,0.0,0.0,4.0,0.0,0.0,0.0,3.0,0.0,0.0,0.0,2.0,0.0,0.0,0.0,0.0,0.0,0.0,0.0,5.0,0.0,0.0,4687.0,0.0,1.05
Jake Oettinger,THE FirePucks,140,74.2,0.0,0.0,0.0,0.0,0.0,0.0,0.0,0.0,40.0,29.679773949999998,0.0,15.0,0.0,0.0,0.0,5.0,52888.0,0.0,0.0,0.0,0.0,411.0,0.0,0.0,0.0,1.0,0.0,371.0,8.897423600000002,0.0,10.0,inf
Jakob Chychrun,Team Ginsberg,125,74.65,-25.0,12.0,19552.73333333,63.0,15.0,0.0,0.0,3.0,0.0,0.0,42.0,0.0,0.0,0.0,44.0,0.0,0.0,0.0,42.0,1.0,1.0,0.0,0.0,0.0,0.0,0.0,123.0,0.0,0.0,59050.0,0.0,1.7773809523809525
Jakob Silfverberg,That Hoser Over There,2,0.5,-1.0,0.0,1029.0,1.0,0.0,0.0,1.0,0.0,0.0,0.0,2.0,0.0,0.0,0.0,1.0,0.0,0.0,0.0,2.0,0.0,0.0,0.0,0.0,0.0,0.0,0.0,1.0,0.0,0.0,2058.0,0.0,0.25
Jakob Silfverberg,Vasili's POD SQUAD,3,2.6,1.0,1.0,994.0,0.0,0.0,0.0,0.0,0.0,0.0,0.0,1.0,0.0,0.0,0.0,0.0,0.0,0.0,0.0,0.0,0.0,0.0,0.0,0.0,0.0,0.0,0.0,4.0,0.0,0.0,994.0,0.0,2.6
Jakub Voracek,Team Hector,166,107.8,-3.0,35.0,17127.58333333,18.0,0.0,20.0,3.0,1.0,0.0,0.0,48.0,0.0,1.0,0.0,18.0,0.0,0.0,0.0,30.0,0.0,14.0,0.0,0.0,0.0,0.0,0.0,90.0,0.0,0.0,48304.0,0.0,2.245833333333333
James Reimer,Lausanne  Automatons ,123,59.8,0.0,0.0,0.0,0.0,0.0,0.0,0.0,0.0,58.0,32.70912582,0.0,18.0,0.0,0.0,0.0,7.0,60554.0,3.0,0.0,0.0,0.0,567.0,0.0,0.0,0.0,0.0,0.0,509.0,9.03472459,0.0,8.0,inf
James van Riemsdyk,Team Hector,166,85.35,-27.0,9.0,16796.00000001,13.0,0.0,5.0,5.0,10.0,0.0,0.0,49.0,0.0,4.0,0.0,19.0,0.0,0.0,0.0,14.0,6.0,6.0,0.0,0.0,0.0,0.0,0.0,106.0,0.0,0.0,48439.0,0.0,1.7418367346938775
Jamie Benn,That Hoser Over There,171,121.25,-3.0,14.0,18581.41666666,37.0,0.0,246.0,310.0,12.0,0.0,0.0,48.0,0.0,1.0,0.0,94.0,0.0,0.0,0.0,64.0,2.0,7.0,0.0,0.0,1.0,1.0,0.0,105.0,0.0,0.0,49341.0,0.0,2.5260416666666665
Jamie Drysdale,THE FirePucks,18,0.6,-2.0,0.0,1276.0,0.0,0.0,0.0,0.0,0.0,0.0,0.0,1.0,0.0,0.0,0.0,0.0,0.0,0.0,0.0,0.0,0.0,0.0,0.0,0.0,0.0,0.0,0.0,4.0,0.0,0.0,1276.0,0.0,0.6
Jared McCann,THE FirePucks,155,149.4,-21.0,12.0,15502.91666667,15.0,0.0,215.0,183.0,21.0,0.0,0.0,48.0,0.0,1.0,0.0,46.0,0.0,0.0,0.0,10.0,7.0,12.0,0.0,0.0,0.0,0.0,0.0,130.0,0.0,0.0,46797.0,0.0,3.1125000000000003
Jason Robertson,Team Ginsberg,168,176.74999999999997,17.0,25.0,16888.83333334,15.0,0.0,0.0,0.0,22.0,0.0,0.0,44.0,0.0,7.0,0.0,21.0,0.0,0.0,0.0,14.0,8.0,14.0,0.0,0.0,0.0,0.0,0.0,124.0,0.0,0.0,46981.0,0.0,4.017045454545454
Jason Spezza,Vasili's POD SQUAD,8,0.65,0.0,0.0,1190.0,1.0,0.0,5.0,3.0,0.0,0.0,0.0,1.0,0.0,0.0,0.0,1.0,0.0,0.0,0.0,0.0,0.0,0.0,0.0,0.0,0.0,0.0,0.0,2.0,0.0,0.0,1190.0,0.0,0.65
Jason Zucker,Esther Island Esthers,3,1.7,-1.0,0.0,1021.0,1.0,0.0,0.0,0.0,0.0,0.0,0.0,2.0,0.0,0.0,0.0,3.0,0.0,0.0,0.0,0.0,0.0,0.0,0.0,0.0,0.0,0.0,0.0,7.0,0.0,0.0,2042.0,0.0,0.85
Jean-Gabriel Pageau,Brown Shoes w/ a Black Belt?,59,37.45,-3.0,4.0,9993.41666667,15.0,0.0,168.0,209.0,3.0,0.0,0.0,23.0,0.0,0.0,0.0,44.0,0.0,0.0,0.0,4.0,1.0,1.0,0.0,1.0,0.0,1.0,0.0,39.0,0.0,0.0,23478.0,0.0,1.6282608695652174
Jeff Carter,Esther Island Esthers,115,56.949999999999996,-3.0,8.0,8568.5,18.0,0.0,150.0,174.0,5.0,0.0,0.0,24.0,0.0,2.0,0.0,39.0,0.0,0.0,0.0,10.0,0.0,1.0,0.0,0.0,0.0,0.0,0.0,70.0,0.0,0.0,25065.0,0.0,2.3729166666666663
Jeff Carter,That Hoser Over There,3,3.3,0.0,1.0,2213.0,2.0,0.0,17.0,13.0,0.0,0.0,0.0,2.0,0.0,0.0,0.0,2.0,0.0,0.0,0.0,2.0,0.0,0.0,0.0,0.0,0.0,0.0,0.0,4.0,0.0,0.0,2213.0,0.0,1.65
Jeff Petry,That Hoser Over There,36,23.400000000000002,-4.0,2.0,11140.75,31.0,2.0,0.0,0.0,0.0,0.0,0.0,25.0,0.0,0.0,0.0,51.0,0.0,0.0,0.0,6.0,0.0,0.0,0.0,0.0,0.0,0.0,0.0,37.0,0.0,0.0,35028.0,0.0,0.936
Jeff Skinner,Baltimore Bandits,19,2.4,-1.0,0.0,2086.6666666700003,0.0,0.0,11.0,7.0,0.0,0.0,0.0,4.0,0.0,0.0,0.0,4.0,0.0,0.0,0.0,0.0,0.0,0.0,0.0,0.0,0.0,0.0,0.0,12.0,0.0,0.0,4310.0,0.0,0.6
Jeff Skinner,Vasili's POD SQUAD,80,51.4,-3.0,7.0,5444.9166666599995,3.0,0.0,27.0,25.0,6.0,0.0,0.0,15.0,0.0,1.0,1.0,2.0,0.0,0.0,0.0,8.0,1.0,3.0,0.0,0.0,0.0,0.0,0.0,50.0,0.0,0.0,16320.0,0.0,3.4266666666666667
Jeremy Swayman,IR Tony,90,79.6,0.0,0.0,0.0,0.0,0.0,0.0,0.0,0.0,5.0,2.4155187099999997,0.0,7.0,0.0,0.0,0.0,0.0,25596.0,1.0,0.0,0.0,0.0,208.0,0.0,0.0,0.0,3.0,0.0,203.0,4.90940171,0.0,6.0,inf
Jeremy Swayman,Team Ginsberg,56,72.8,0.0,0.0,0.0,0.0,0.0,0.0,0.0,0.0,26.0,19.58404604,0.0,13.0,0.0,0.0,0.0,4.0,46758.0,1.0,0.0,0.0,0.0,360.0,0.0,0.0,0.0,1.0,0.0,334.0,9.24291519,0.0,8.0,inf
Jesper Bratt,Team Ginsberg,180,183.5,3.0,32.0,17984.61666667,15.0,0.0,3.0,0.0,20.0,0.0,0.0,48.0,0.0,6.0,0.0,18.0,0.0,0.0,0.0,16.0,3.0,14.0,0.0,0.0,0.0,0.0,0.0,132.0,0.0,0.0,48344.0,0.0,3.8229166666666665
Jesse Puljujarvi,Brown Shoes w/ a Black Belt?,153,105.95000000000002,7.0,15.0,17110.56666668,10.0,0.0,0.0,0.0,11.0,0.0,0.0,44.0,0.0,0.0,0.0,45.0,0.0,0.0,0.0,18.0,4.0,7.0,0.0,0.0,0.0,0.0,0.0,108.0,0.0,0.0,44196.0,0.0,2.4079545454545457
Joe Pavelski,Esther Island Esthers,150,189.1,14.0,30.0,17202.08333334,42.0,0.0,183.0,218.0,20.0,0.0,0.0,44.0,0.0,1.0,0.0,56.0,0.0,0.0,0.0,10.0,8.0,14.0,0.0,0.0,0.0,0.0,0.0,122.0,0.0,0.0,48250.0,0.0,4.297727272727273
Joe Pavelski,IR Tony,18,5.35,-1.0,2.0,1249.66666667,0.0,0.0,17.0,13.0,0.0,0.0,0.0,3.0,0.0,0.0,0.0,1.0,0.0,0.0,0.0,0.0,0.0,0.0,0.0,0.0,0.0,0.0,0.0,8.0,0.0,0.0,3749.0,0.0,1.7833333333333332
Joel Eriksson Ek,Team Hector,146,138.85,6.0,12.0,17550.08333335,28.0,0.0,453.0,400.0,16.0,0.0,0.0,45.0,0.0,2.0,1.0,79.0,0.0,0.0,0.0,20.0,10.0,11.0,0.0,0.0,0.0,0.0,0.0,136.0,0.0,0.0,50153.0,0.0,3.0855555555555556
Joel Farabee,Brown Shoes w/ a Black Belt?,62,39.29999999999999,3.0,3.0,8534.83333334,9.0,0.0,7.0,2.0,5.0,0.0,0.0,22.0,0.0,0.0,0.0,33.0,0.0,0.0,0.0,13.0,1.0,1.0,0.0,0.0,0.0,0.0,0.0,37.0,0.0,0.0,21949.0,0.0,1.786363636363636
John Carlson,IR Tony,157,149.10000000000002,12.0,30.0,24187.41666667,63.0,40.0,0.0,0.0,10.0,0.0,0.0,48.0,0.0,1.0,0.0,30.0,0.0,0.0,0.0,14.0,4.0,12.0,0.0,2.0,0.0,2.0,0.0,120.0,0.0,0.0,68533.0,0.0,3.1062500000000006
John Gibson,THE FirePucks,78,110.39999999999998,0.0,0.0,0.0,0.0,0.0,0.0,0.0,0.0,59.0,29.623878169999998,0.0,23.0,0.0,0.0,0.0,7.0,83156.0,5.0,0.0,0.0,0.0,736.0,0.0,0.0,0.0,1.0,0.0,677.0,11.038256819999999,0.0,11.0,inf
John Gibson,Vasili's POD SQUAD,62,36.0,0.0,0.0,0.0,0.0,0.0,0.0,0.0,0.0,26.0,11.76620716,0.0,9.0,0.0,0.0,0.0,3.0,32644.0,2.0,0.0,0.0,0.0,291.0,0.0,0.0,0.0,0.0,0.0,265.0,3.61637832,0.0,4.0,inf
John Klingberg,Baltimore Bandits,169,92.19999999999997,-14.0,25.0,21877.5,49.0,26.0,0.0,0.0,1.0,0.0,0.0,44.0,0.0,1.0,0.0,25.0,0.0,0.0,0.0,16.0,1.0,14.0,0.0,0.0,0.0,0.0,0.0,71.0,0.0,0.0,57848.0,0.0,2.095454545454545
John Tavares,IR Tony,21,62.64999999999999,-1.0,7.0,6789.0,12.0,0.0,113.0,153.0,8.0,0.0,0.0,16.0,0.0,0.0,0.0,20.0,0.0,0.0,0.0,8.0,2.0,3.0,0.0,0.0,0.0,0.0,0.0,55.0,0.0,0.0,18081.0,0.0,3.9156249999999995
John Tavares,Team Hector,40,58.650000000000006,5.0,12.0,5416.66666667,6.0,0.0,79.0,136.0,5.0,0.0,0.0,13.0,0.0,1.0,0.0,3.0,0.0,0.0,0.0,4.0,3.0,7.0,0.0,0.0,0.0,0.0,0.0,40.0,0.0,0.0,14116.0,0.0,4.511538461538462
Johnny Gaudreau,THE FirePucks,161,209.1,40.0,45.0,19062.13333333,5.0,0.0,0.0,1.0,20.0,0.0,0.0,51.0,0.0,5.0,0.0,5.0,0.0,0.0,0.0,22.0,2.0,12.0,0.0,0.0,0.0,0.0,0.0,169.0,0.0,0.0,56523.0,0.0,4.1
Jonathan Bernier,Team Hector,31,13.0,0.0,0.0,0.0,0.0,0.0,0.0,0.0,0.0,18.0,20.03115095,0.0,5.0,0.0,0.0,0.0,3.0,19806.0,1.0,0.0,0.0,0.0,173.0,0.0,0.0,0.0,0.0,0.0,155.0,5.43429156,0.0,2.0,inf
Jonathan Huberdeau,That Hoser Over There,171,246.3,23.0,57.0,20877.5,21.0,0.0,30.0,14.0,18.0,0.0,0.0,53.0,0.0,2.0,0.0,70.0,0.0,0.0,0.0,28.0,3.0,22.0,0.0,1.0,1.0,2.0,0.0,144.0,0.0,0.0,61312.0,0.0,4.647169811320755
Jonathan Marchessault,IR Tony,158,152.74999999999997,-4.0,14.0,16577.41666667,11.0,0.0,35.0,27.0,21.0,0.0,0.0,46.0,0.0,3.0,0.0,28.0,0.0,0.0,0.0,12.0,5.0,12.0,0.0,0.0,0.0,0.0,0.0,149.0,0.0,0.0,47304.0,0.0,3.320652173913043
Jonathan Quick,Vasili's POD SQUAD,188,58.400000000000006,0.0,0.0,0.0,0.0,0.0,0.0,0.0,0.0,49.0,51.14487990000001,0.0,17.0,0.0,0.0,0.0,6.0,58514.0,3.0,0.0,0.0,0.0,466.0,0.0,0.0,0.0,1.0,0.0,417.0,12.154902150000002,0.0,8.0,inf
Jonathan Toews,Baltimore Bandits,33,12.149999999999999,1.0,1.0,3231.0,1.0,0.0,55.0,87.0,2.0,0.0,0.0,7.0,0.0,0.0,0.0,4.0,0.0,0.0,0.0,0.0,0.0,0.0,0.0,0.0,0.0,0.0,0.0,9.0,0.0,0.0,7518.0,0.0,1.7357142857142855
Jonathan Toews,That Hoser Over There,45,26.45,-13.0,8.0,9790.5,7.0,0.0,183.0,257.0,0.0,0.0,0.0,22.0,0.0,0.0,0.0,8.0,0.0,0.0,0.0,10.0,0.0,2.0,0.0,0.0,0.0,0.0,0.0,39.0,0.0,0.0,23870.0,0.0,1.2022727272727272
Joonas Donskoi,Team Ginsberg,6,11.700000000000001,1.0,4.0,3078.0,3.0,0.0,1.0,2.0,0.0,0.0,0.0,7.0,0.0,0.0,0.0,6.0,0.0,0.0,0.0,0.0,0.0,1.0,0.0,0.0,0.0,0.0,0.0,8.0,0.0,0.0,7286.0,0.0,1.6714285714285715
Jordan Binnington,Esther Island Esthers,75,64.19999999999999,0.0,0.0,0.0,0.0,0.0,0.0,0.0,0.0,52.0,38.14064674,0.0,16.0,0.0,0.0,0.0,7.0,56290.0,1.0,0.0,0.0,0.0,518.0,0.0,0.0,0.0,1.0,0.0,466.0,8.955779269999999,0.0,8.0,inf
Jordan Eberle,Baltimore Bandits,159,129.0,-26.0,16.0,18197.58333334,29.0,0.0,9.0,5.0,15.0,0.0,0.0,52.0,0.0,2.0,1.0,31.0,0.0,0.0,0.0,8.0,3.0,7.0,0.0,0.0,0.0,0.0,0.0,117.0,0.0,0.0,57033.0,0.0,2.480769230769231
Jordan Greenway,Team Hector,155,63.45,12.0,9.0,13711.5,20.0,0.0,26.0,14.0,4.0,0.0,0.0,40.0,0.0,2.0,0.0,106.0,0.0,0.0,0.0,43.0,1.0,1.0,0.0,0.0,0.0,0.0,0.0,57.0,0.0,0.0,34597.0,0.0,1.5862500000000002
Jordan Kyrou,THE FirePucks,161,176.55,7.0,28.0,16623.91666666,16.0,0.0,5.0,6.0,21.0,0.0,0.0,48.0,0.0,3.0,0.0,3.0,0.0,0.0,0.0,12.0,4.0,13.0,0.0,1.0,0.0,1.0,0.0,126.0,0.0,0.0,47178.0,0.0,3.678125
Jordan Staal,Esther Island Esthers,15,24.0,5.0,3.0,5325.75,6.0,0.0,62.0,99.0,2.0,0.0,0.0,11.0,0.0,0.0,0.0,30.0,0.0,0.0,0.0,6.0,1.0,1.0,0.0,0.0,0.0,0.0,0.0,22.0,0.0,0.0,11635.0,0.0,2.1818181818181817
Josh Anderson,Esther Island Esthers,3,6.550000000000001,-3.0,1.0,2181.8333333299997,1.0,0.0,1.0,0.0,0.0,0.0,0.0,5.0,0.0,0.0,0.0,18.0,0.0,0.0,0.0,2.0,0.0,0.0,0.0,0.0,0.0,0.0,0.0,11.0,0.0,0.0,5457.0,0.0,1.31
Josh Anderson,Team Ginsberg,25,5.85,-8.0,1.0,2803.25,2.0,0.0,0.0,4.0,0.0,0.0,0.0,7.0,0.0,0.0,0.0,13.0,0.0,0.0,0.0,2.0,0.0,0.0,0.0,0.0,0.0,0.0,0.0,10.0,0.0,0.0,6639.0,0.0,0.8357142857142856
Josh Bailey,THE FirePucks,2,6.35,2.0,1.0,1009.0,1.0,0.0,0.0,0.0,1.0,0.0,0.0,1.0,0.0,1.0,0.0,0.0,0.0,0.0,0.0,0.0,0.0,0.0,0.0,0.0,0.0,0.0,0.0,1.0,0.0,0.0,1009.0,0.0,6.35
Josh Morrissey,IR Tony,13,3.35,-2.0,0.0,2779.5,7.0,0.0,0.0,0.0,0.0,0.0,0.0,4.0,0.0,0.0,0.0,4.0,0.0,0.0,0.0,0.0,0.0,0.0,0.0,0.0,0.0,0.0,0.0,9.0,0.0,0.0,5559.0,0.0,0.8375
Josh Morrissey,THE FirePucks,18,3.2,-4.0,1.0,1429.0,3.0,1.0,0.0,0.0,0.0,0.0,0.0,1.0,0.0,0.0,0.0,1.0,0.0,0.0,0.0,4.0,0.0,0.0,0.0,0.0,0.0,0.0,0.0,3.0,0.0,0.0,1429.0,0.0,3.2
Josh Morrissey,That Hoser Over There,12,17.599999999999998,4.0,2.0,4112.6666666599995,13.0,3.0,0.0,0.0,1.0,0.0,0.0,9.0,0.0,0.0,0.0,20.0,0.0,0.0,0.0,2.0,1.0,1.0,0.0,0.0,0.0,0.0,0.0,20.0,0.0,0.0,12338.0,0.0,1.9555555555555553
Josh Norris,THE FirePucks,91,123.1,-2.0,8.0,13233.33333334,32.0,0.0,277.0,285.0,18.0,0.0,0.0,36.0,0.0,4.0,0.0,46.0,0.0,0.0,0.0,10.0,7.0,8.0,0.0,0.0,0.0,0.0,0.0,92.0,0.0,0.0,40090.0,0.0,3.4194444444444443
Justin Faulk,Lausanne  Automatons ,162,110.85000000000001,35.0,20.0,23288.58333334,58.0,26.0,0.0,0.0,6.0,0.0,0.0,45.0,0.0,2.0,0.0,98.0,0.0,0.0,0.0,33.0,1.0,6.0,0.0,0.0,0.0,0.0,0.0,97.0,0.0,0.0,61925.0,0.0,2.4633333333333334
Juuse Saros,THE FirePucks,171,186.60000000000002,0.0,0.0,0.0,0.0,0.0,0.0,0.0,0.0,85.0,43.20998755,0.0,35.0,0.0,0.0,0.0,12.0,124335.0,3.0,0.0,0.0,0.0,1113.0,0.0,0.0,0.0,1.0,0.0,1028.0,16.63890151,0.0,20.0,inf
K'Andre Miller,IR Tony,6,7.300000000000001,-1.0,2.0,3306.5,6.0,2.0,0.0,0.0,0.0,0.0,0.0,5.0,0.0,0.0,0.0,10.0,0.0,0.0,0.0,0.0,0.0,0.0,0.0,0.0,0.0,0.0,0.0,4.0,0.0,0.0,5640.0,0.0,1.4600000000000002
Kaapo Kahkonen,Brown Shoes w/ a Black Belt?,80,46.0,0.0,0.0,0.0,0.0,0.0,0.0,0.0,0.0,26.0,13.45990594,0.0,9.0,0.0,0.0,0.0,3.0,33568.0,1.0,0.0,0.0,0.0,311.0,0.0,0.0,0.0,0.0,0.0,285.0,4.59173207,0.0,5.0,inf
Kaapo Kahkonen,Vasili's POD SQUAD,11,11.399999999999999,0.0,0.0,0.0,0.0,0.0,0.0,0.0,0.0,9.0,9.37646484,0.0,3.0,0.0,0.0,0.0,1.0,10531.0,0.0,0.0,0.0,0.0,76.0,0.0,0.0,0.0,0.0,0.0,67.0,2.65542503,0.0,2.0,inf
Kaapo Kakko,IR Tony,103,51.74999999999999,7.0,9.0,12459.08333334,13.0,0.0,6.0,1.0,5.0,0.0,0.0,37.0,0.0,1.0,0.0,5.0,0.0,0.0,0.0,10.0,1.0,2.0,0.0,0.0,0.0,0.0,0.0,56.0,0.0,0.0,35531.0,0.0,1.3986486486486485
Kailer Yamamoto,Vasili's POD SQUAD,12,2.0,-1.0,1.0,1157.5,0.0,0.0,0.0,0.0,0.0,0.0,0.0,2.0,0.0,0.0,0.0,0.0,0.0,0.0,0.0,2.0,0.0,0.0,0.0,0.0,0.0,0.0,0.0,0.0,0.0,0.0,2315.0,0.0,1.0
Kale Clague,THE FirePucks,4,2.3,1.0,1.0,1385.0,0.0,1.0,0.0,0.0,0.0,0.0,0.0,1.0,0.0,0.0,0.0,0.0,0.0,0.0,0.0,0.0,0.0,0.0,0.0,0.0,0.0,0.0,0.0,2.0,0.0,0.0,1385.0,0.0,2.3
Kasperi Kapanen,Esther Island Esthers,160,95.4,0.0,15.0,16046.33333333,14.0,0.0,4.0,3.0,8.0,0.0,0.0,51.0,0.0,2.0,1.0,68.0,0.0,0.0,0.0,8.0,0.0,4.0,0.0,0.0,0.0,0.0,0.0,96.0,0.0,0.0,47847.0,0.0,1.8705882352941177
Keith Yandle,Team Hector,171,59.29999999999999,-31.0,13.0,16009.49999999,28.0,14.0,0.0,0.0,1.0,0.0,0.0,52.0,0.0,0.0,0.0,19.0,0.0,0.0,0.0,10.0,1.0,9.0,0.0,0.0,0.0,0.0,0.0,79.0,0.0,0.0,46121.0,0.0,1.140384615384615
Kevin Fiala,Brown Shoes w/ a Black Belt?,158,143.9,2.0,24.0,18045.66666668,12.0,0.0,7.0,1.0,15.0,0.0,0.0,44.0,0.0,2.0,0.0,22.0,0.0,0.0,0.0,28.0,2.0,8.0,0.0,0.0,0.0,0.0,0.0,148.0,0.0,0.0,46658.0,0.0,3.2704545454545455
Kevin Labanc,Baltimore Bandits,2,1.65,1.0,0.0,1048.0,3.0,0.0,0.0,0.0,0.0,0.0,0.0,1.0,0.0,0.0,0.0,4.0,0.0,0.0,0.0,0.0,0.0,0.0,0.0,0.0,0.0,0.0,0.0,3.0,0.0,0.0,1048.0,0.0,1.65
Kevin Shattenkirk,Baltimore Bandits,27,46.400000000000006,4.0,9.0,7142.0833333400005,22.0,12.0,0.0,0.0,3.0,0.0,0.0,17.0,0.0,0.0,0.0,12.0,0.0,0.0,0.0,8.0,0.0,6.0,0.0,0.0,0.0,0.0,0.0,28.0,0.0,0.0,20274.0,0.0,2.729411764705883
Kevin Shattenkirk,IR Tony,8,9.1,2.0,1.0,1159.0,3.0,2.0,0.0,0.0,1.0,0.0,0.0,3.0,0.0,0.0,0.0,3.0,0.0,0.0,0.0,0.0,0.0,1.0,0.0,0.0,0.0,0.0,0.0,7.0,0.0,0.0,3477.0,0.0,3.033333333333333
Kevin Shattenkirk,Vasili's POD SQUAD,75,27.5,-4.0,4.0,8130.0,22.0,6.0,0.0,0.0,2.0,0.0,0.0,14.0,0.0,1.0,0.0,8.0,0.0,0.0,0.0,4.0,1.0,2.0,0.0,0.0,0.0,0.0,0.0,26.0,0.0,0.0,18762.0,0.0,1.9642857142857142
Kirby Dach,Vasili's POD SQUAD,171,78.89999999999999,-6.0,11.0,20669.41666666,29.0,0.0,305.0,148.0,7.0,0.0,0.0,48.0,0.0,0.0,0.0,31.0,0.0,0.0,0.0,33.0,2.0,5.0,0.0,1.0,0.0,1.0,0.0,83.0,0.0,0.0,54410.0,0.0,1.6437499999999998
Kirill Kaprizov,Brown Shoes w/ a Black Belt?,158,214.85000000000002,12.0,36.0,19171.33333334,15.0,0.0,3.0,2.0,23.0,0.0,0.0,47.0,0.0,2.0,0.0,50.0,0.0,0.0,0.0,22.0,4.0,15.0,0.0,0.0,0.0,0.0,0.0,169.0,0.0,0.0,53852.0,0.0,4.571276595744681
Kris Letang,That Hoser Over There,168,181.65000000000003,16.0,42.0,26618.24999998,90.0,48.0,0.0,0.0,6.0,0.0,0.0,51.0,0.0,2.0,0.0,110.0,0.0,0.0,0.0,30.0,1.0,18.0,0.0,0.0,0.0,0.0,0.0,141.0,0.0,0.0,79053.0,0.0,3.5617647058823536
Kyle Capobianco,Baltimore Bandits,15,3.45,3.0,1.0,1966.5,2.0,1.0,0.0,0.0,0.0,0.0,0.0,4.0,0.0,0.0,0.0,4.0,0.0,0.0,0.0,8.0,0.0,0.0,0.0,0.0,0.0,0.0,0.0,3.0,0.0,0.0,3933.0,0.0,0.8625
Kyle Connor,IR Tony,171,240.84999999999997,-1.0,26.0,23443.41666668,13.0,0.0,3.0,0.0,32.0,0.0,0.0,52.0,0.0,5.0,0.0,27.0,0.0,0.0,0.0,2.0,6.0,19.0,0.0,0.0,1.0,1.0,0.0,228.0,0.0,0.0,67973.0,0.0,4.631730769230769
Kyle Okposo,Vasili's POD SQUAD,11,0.45,-2.0,0.0,999.0,0.0,0.0,1.0,4.0,0.0,0.0,0.0,1.0,0.0,0.0,0.0,0.0,0.0,0.0,0.0,0.0,0.0,0.0,0.0,0.0,0.0,0.0,0.0,3.0,0.0,0.0,999.0,0.0,0.45
Laurent Brossoit,Vasili's POD SQUAD,11,14.2,0.0,0.0,0.0,0.0,0.0,0.0,0.0,0.0,9.0,2.9812293,0.0,3.0,0.0,0.0,0.0,0.0,10868.0,1.0,0.0,0.0,0.0,80.0,0.0,0.0,0.0,0.0,0.0,71.0,0.8875,0.0,2.0,inf
Lawson Crouse,THE FirePucks,13,2.6,-1.0,1.0,998.0,0.0,0.0,0.0,1.0,0.0,0.0,0.0,1.0,0.0,0.0,0.0,1.0,0.0,0.0,0.0,0.0,0.0,0.0,0.0,0.0,0.0,0.0,0.0,3.0,0.0,0.0,998.0,0.0,2.6
Lawson Crouse,Vasili's POD SQUAD,29,10.950000000000001,-2.0,1.0,1910.66666666,6.0,0.0,3.0,1.0,1.0,0.0,0.0,6.0,0.0,1.0,0.0,14.0,0.0,0.0,0.0,4.0,0.0,0.0,0.0,0.0,0.0,0.0,0.0,11.0,0.0,0.0,5732.0,0.0,1.8250000000000002
Leon Draisaitl,IR Tony,171,284.6,13.0,38.0,24944.11666666,14.0,0.0,483.0,545.0,36.0,0.0,0.0,52.0,0.0,9.0,0.0,36.0,0.0,0.0,0.0,34.0,15.0,29.0,0.0,0.0,1.0,1.0,0.0,176.0,0.0,0.0,71328.0,0.0,5.473076923076923
Linus Ullmark,That Hoser Over There,150,94.00000000000001,0.0,0.0,0.0,0.0,0.0,0.0,0.0,0.0,52.0,36.64968722,0.0,19.0,0.0,0.0,0.0,6.0,70586.0,1.0,0.0,0.0,0.0,577.0,0.0,0.0,0.0,0.0,0.0,525.0,12.69845161,0.0,12.0,inf
Logan Couture,Vasili's POD SQUAD,158,148.79999999999998,0.0,21.0,18211.16666666,32.0,0.0,393.0,385.0,16.0,0.0,0.0,46.0,0.0,2.0,0.0,62.0,0.0,0.0,0.0,16.0,4.0,10.0,0.0,0.0,0.0,0.0,0.0,114.0,0.0,0.0,52436.0,0.0,3.2347826086956517
Lucas Raymond,Baltimore Bandits,3,2.3,0.0,1.0,1106.0,0.0,0.0,0.0,0.0,0.0,0.0,0.0,1.0,0.0,0.0,0.0,1.0,0.0,0.0,0.0,0.0,0.0,0.0,0.0,0.0,0.0,0.0,0.0,1.0,0.0,0.0,1106.0,0.0,2.3
MacKenzie Weegar,Vasili's POD SQUAD,171,138.8,29.0,26.0,25344.58333333,104.0,32.0,0.0,0.0,6.0,0.0,0.0,53.0,0.0,2.0,0.0,131.0,0.0,0.0,0.0,55.0,0.0,1.0,0.0,1.0,1.0,2.0,0.0,129.0,0.0,0.0,74900.0,0.0,2.618867924528302
Mackenzie Blackwood,Baltimore Bandits,72,74.6,0.0,0.0,0.0,0.0,0.0,0.0,0.0,0.0,53.0,28.70336912,0.0,18.0,0.0,0.0,0.0,7.0,63156.0,3.0,0.0,0.0,0.0,561.0,0.0,0.0,0.0,2.0,0.0,508.0,8.11102091,0.0,8.0,inf
Malcolm Subban,Vasili's POD SQUAD,10,5.0,0.0,0.0,0.0,0.0,0.0,0.0,0.0,0.0,3.0,2.86244368,0.0,1.0,0.0,0.0,0.0,0.0,3773.0,1.0,0.0,0.0,0.0,48.0,0.0,0.0,0.0,0.0,0.0,45.0,0.9375,0.0,0.0,inf
Marc-Andre Fleury,Baltimore Bandits,7,-1.3999999999999986,0.0,0.0,0.0,0.0,0.0,0.0,0.0,0.0,19.0,13.06583655,0.0,5.0,0.0,0.0,0.0,4.0,14869.0,0.0,0.0,0.0,0.0,142.0,0.0,0.0,0.0,0.0,0.0,123.0,2.64123848,0.0,1.0,-inf
Marc-Andre Fleury,Esther Island Esthers,132,96.6,0.0,0.0,0.0,0.0,0.0,0.0,0.0,0.0,62.0,29.85448221,0.0,22.0,0.0,0.0,0.0,8.0,78056.0,4.0,0.0,0.0,0.0,670.0,0.0,0.0,0.0,3.0,0.0,608.0,9.0402537,0.0,10.0,inf
Marc-Andre Fleury,Vasili's POD SQUAD,12,8.4,0.0,0.0,0.0,0.0,0.0,0.0,0.0,0.0,2.0,2.0476183299999997,0.0,2.0,0.0,0.0,0.0,1.0,7035.0,0.0,0.0,0.0,0.0,44.0,0.0,0.0,0.0,0.0,0.0,42.0,1.9089026900000001,0.0,1.0,inf
Marco Rossi,THE FirePucks,12,1.1,-1.0,0.0,935.0,1.0,0.0,15.0,7.0,0.0,0.0,0.0,2.0,0.0,0.0,0.0,1.0,0.0,0.0,0.0,4.0,0.0,0.0,0.0,0.0,0.0,0.0,0.0,5.0,0.0,0.0,1870.0,0.0,0.55
Marcus Foligno,That Hoser Over There,100,44.80000000000001,8.0,4.0,7640.41666667,8.0,0.0,4.0,2.0,6.0,0.0,0.0,15.0,0.0,2.0,0.0,49.0,0.0,0.0,0.0,41.0,1.0,1.0,0.0,0.0,0.0,0.0,0.0,19.0,0.0,0.0,14744.0,0.0,2.9866666666666672
Marcus Foligno,Vasili's POD SQUAD,18,3.4,-4.0,0.0,1100.33333333,2.0,0.0,1.0,0.0,0.0,0.0,0.0,3.0,0.0,0.0,0.0,15.0,0.0,0.0,0.0,0.0,0.0,0.0,0.0,0.0,0.0,0.0,0.0,5.0,0.0,0.0,3301.0,0.0,1.1333333333333333
Mark Giordano,Lausanne  Automatons ,151,108.85,-20.0,17.0,20621.00000001,91.0,23.0,0.0,0.0,6.0,0.0,0.0,49.0,0.0,0.0,0.0,44.0,0.0,0.0,0.0,41.0,0.0,8.0,0.0,0.0,2.0,2.0,0.0,107.0,0.0,0.0,63212.0,0.0,2.2214285714285715
Mark Scheifele,That Hoser Over There,168,166.15,-19.0,24.0,21953.99999999,35.0,0.0,309.0,301.0,18.0,0.0,0.0,47.0,0.0,2.0,2.0,26.0,0.0,0.0,0.0,14.0,6.0,14.0,0.0,0.0,0.0,0.0,0.0,115.0,0.0,0.0,60198.0,0.0,3.5351063829787237
Mark Stone,Vasili's POD SQUAD,122,88.7,8.0,19.0,12598.16666667,19.0,0.0,13.0,13.0,8.0,0.0,0.0,26.0,0.0,2.0,0.0,13.0,0.0,0.0,0.0,6.0,2.0,4.0,0.0,1.0,0.0,1.0,0.0,53.0,0.0,0.0,28212.0,0.0,3.411538461538462
Martin Jones,Vasili's POD SQUAD,7,-1.0,0.0,0.0,0.0,0.0,0.0,0.0,0.0,0.0,4.0,4.12962432,0.0,1.0,0.0,0.0,0.0,1.0,3487.0,0.0,0.0,0.0,0.0,34.0,0.0,0.0,0.0,0.0,0.0,30.0,0.88235294,0.0,0.0,-inf
Martin Necas,THE FirePucks,196,92.3,6.0,18.0,16573.66666667,15.0,0.0,26.0,23.0,8.0,0.0,0.0,46.0,0.0,4.0,0.0,38.0,0.0,0.0,0.0,20.0,1.0,3.0,0.0,0.0,0.0,0.0,0.0,84.0,0.0,0.0,44807.0,0.0,2.006521739130435
Mason Marchment,Baltimore Bandits,18,2.45,0.0,1.0,803.0,0.0,0.0,1.0,0.0,0.0,0.0,0.0,1.0,0.0,0.0,0.0,1.0,0.0,0.0,0.0,0.0,0.0,0.0,0.0,0.0,0.0,0.0,0.0,2.0,0.0,0.0,803.0,0.0,2.45
Mason Marchment,THE FirePucks,17,18.1,3.0,1.0,854.66666667,0.0,0.0,0.0,0.0,3.0,0.0,0.0,3.0,0.0,0.0,1.0,8.0,0.0,0.0,0.0,6.0,0.0,0.0,0.0,0.0,0.0,0.0,0.0,6.0,0.0,0.0,2564.0,0.0,6.033333333333334
Mason Marchment,Team Ginsberg,16,0.6,-1.0,0.0,597.0,0.0,0.0,1.0,0.0,0.0,0.0,0.0,1.0,0.0,0.0,0.0,2.0,0.0,0.0,0.0,7.0,0.0,0.0,0.0,0.0,0.0,0.0,0.0,2.0,0.0,0.0,597.0,0.0,0.6
Mathew Barzal,Team Ginsberg,149,130.65,-4.0,25.0,17847.51666666,9.0,0.0,157.0,136.0,12.0,0.0,0.0,44.0,0.0,1.0,0.0,26.0,0.0,0.0,0.0,14.0,1.0,10.0,0.0,0.0,0.0,0.0,0.0,113.0,0.0,0.0,48691.0,0.0,2.9693181818181817
Mats Zuccarello,Baltimore Bandits,167,176.6,16.0,35.0,19114.66666667,23.0,0.0,20.0,15.0,17.0,0.0,0.0,40.0,0.0,1.0,0.0,20.0,0.0,0.0,0.0,10.0,4.0,19.0,0.0,0.0,0.0,0.0,0.0,80.0,0.0,0.0,45124.0,0.0,4.415
Matt Boldy,THE FirePucks,105,63.39999999999999,8.0,9.0,6756.3333333400005,13.0,0.0,6.0,7.0,7.0,0.0,0.0,18.0,0.0,2.0,1.0,5.0,0.0,0.0,0.0,4.0,2.0,5.0,0.0,0.0,0.0,0.0,0.0,47.0,0.0,0.0,17675.0,0.0,3.5222222222222217
Matt Duchene,Brown Shoes w/ a Black Belt?,155,146.35,1.0,18.0,16177.33333334,11.0,0.0,51.0,60.0,19.0,0.0,0.0,38.0,0.0,4.0,1.0,14.0,0.0,0.0,0.0,14.0,7.0,12.0,0.0,0.0,0.0,0.0,0.0,107.0,0.0,0.0,43508.0,0.0,3.8513157894736842
Matt Dumba,Brown Shoes w/ a Black Belt?,31,7.3,0.0,2.0,2725.3333333299997,6.0,2.0,0.0,0.0,0.0,0.0,0.0,4.0,0.0,0.0,0.0,9.0,0.0,0.0,0.0,8.0,0.0,0.0,0.0,0.0,0.0,0.0,0.0,5.0,0.0,0.0,5476.0,0.0,1.825
Matt Dumba,That Hoser Over There,63,54.449999999999996,1.0,9.0,12845.24999999,31.0,12.0,0.0,0.0,3.0,0.0,0.0,25.0,0.0,1.0,0.0,46.0,0.0,0.0,0.0,16.0,0.0,4.0,0.0,0.0,0.0,0.0,0.0,49.0,0.0,0.0,35206.0,0.0,2.178
Matt Murray,Team Ginsberg,33,4.800000000000001,0.0,0.0,0.0,0.0,0.0,0.0,0.0,0.0,7.0,6.28581219,0.0,3.0,0.0,0.0,0.0,3.0,9959.0,0.0,0.0,0.0,0.0,111.0,0.0,0.0,0.0,0.0,0.0,104.0,1.8334677400000001,0.0,0.0,inf
Matthew Tkachuk,Team Ginsberg,161,223.3,33.0,33.0,18436.88333334,12.0,0.0,12.0,17.0,26.0,0.0,0.0,51.0,0.0,4.0,0.0,60.0,0.0,0.0,0.0,38.0,9.0,17.0,0.0,0.0,0.0,0.0,0.0,166.0,0.0,0.0,54880.0,0.0,4.37843137254902
Mattias Janmark,Esther Island Esthers,8,2.15,1.0,1.0,879.0,0.0,0.0,0.0,0.0,0.0,0.0,0.0,1.0,0.0,0.0,0.0,0.0,0.0,0.0,0.0,0.0,0.0,0.0,0.0,0.0,0.0,0.0,0.0,1.0,0.0,0.0,879.0,0.0,2.15
Mattias Janmark,Lausanne  Automatons ,14,2.8999999999999995,-5.0,1.0,2524.1666666700003,0.0,0.0,3.0,2.0,0.0,0.0,0.0,8.0,0.0,0.0,0.0,0.0,0.0,0.0,0.0,2.0,0.0,0.0,0.0,0.0,0.0,0.0,0.0,6.0,0.0,0.0,5373.0,0.0,0.36249999999999993
Max Comtois,Lausanne  Automatons ,15,8.049999999999999,-3.0,1.0,4068.9166666700003,4.0,0.0,5.0,5.0,0.0,0.0,0.0,13.0,0.0,0.0,0.0,16.0,0.0,0.0,0.0,11.0,0.0,0.0,0.0,0.0,0.0,0.0,0.0,19.0,0.0,0.0,10397.0,0.0,0.6192307692307691
Max Domi,THE FirePucks,3,0.45,-2.0,0.0,833.5,0.0,0.0,0.0,0.0,0.0,0.0,0.0,2.0,0.0,0.0,0.0,0.0,0.0,0.0,0.0,2.0,0.0,0.0,0.0,0.0,0.0,0.0,0.0,3.0,0.0,0.0,1667.0,0.0,0.225
Max Pacioretty,IR Tony,111,90.60000000000001,4.0,10.0,9186.5,7.0,0.0,2.0,1.0,12.0,0.0,0.0,21.0,0.0,2.0,0.0,18.0,0.0,0.0,0.0,25.0,4.0,8.0,0.0,0.0,0.0,0.0,0.0,70.0,0.0,0.0,21821.0,0.0,4.314285714285715
Max Pacioretty,Team Hector,1,13.05,3.0,1.0,1093.0,4.0,0.0,0.0,0.0,2.0,0.0,0.0,2.0,0.0,0.0,0.0,2.0,0.0,0.0,0.0,0.0,0.0,0.0,0.0,0.0,0.0,0.0,0.0,13.0,0.0,0.0,2186.0,0.0,6.525
Maxime Lagace,Vasili's POD SQUAD,11,1.6,0.0,0.0,0.0,0.0,0.0,0.0,0.0,0.0,10.0,6.11413043,0.0,2.0,0.0,0.0,0.0,1.0,5888.0,0.0,0.0,0.0,0.0,58.0,0.0,0.0,0.0,0.0,0.0,48.0,0.82758621,0.0,1.0,inf
Michael Bunting,Brown Shoes w/ a Black Belt?,76,52.900000000000006,5.0,4.0,7462.366666659999,4.0,0.0,1.0,2.0,8.0,0.0,0.0,19.0,0.0,0.0,1.0,14.0,0.0,0.0,0.0,6.0,1.0,2.0,0.0,0.0,0.0,0.0,0.0,40.0,0.0,0.0,17778.0,0.0,2.78421052631579
Michael Bunting,THE FirePucks,17,7.6,0.0,1.0,1913.5,0.0,0.0,0.0,0.0,1.0,0.0,0.0,3.0,0.0,0.0,0.0,0.0,0.0,0.0,0.0,6.0,1.0,1.0,0.0,0.0,0.0,0.0,0.0,4.0,0.0,0.0,2884.0,0.0,2.533333333333333
Michael Bunting,Team Ginsberg,74,31.4,7.0,5.0,4328.0,3.0,0.0,2.0,0.0,4.0,0.0,0.0,7.0,0.0,0.0,0.0,12.0,0.0,0.0,0.0,12.0,0.0,0.0,0.0,0.0,0.0,0.0,0.0,20.0,0.0,0.0,7256.0,0.0,4.485714285714286
Michael Houser,Vasili's POD SQUAD,14,12.6,0.0,0.0,0.0,0.0,0.0,0.0,0.0,0.0,1.0,1.0,0.0,1.0,0.0,0.0,0.0,0.0,3600.0,0.0,0.0,0.0,0.0,44.0,0.0,0.0,0.0,0.0,0.0,43.0,0.97727273,0.0,1.0,inf
Mika Zibanejad,Lausanne  Automatons ,171,205.1,18.0,34.0,21637.50000001,33.0,0.0,398.0,437.0,19.0,0.0,0.0,52.0,0.0,1.0,1.0,38.0,0.0,0.0,0.0,10.0,10.0,21.0,0.0,3.0,0.0,3.0,0.0,152.0,0.0,0.0,62279.0,0.0,3.944230769230769
Mikael Granlund,Baltimore Bandits,116,44.849999999999994,4.0,8.0,10381.58333333,10.0,0.0,179.0,153.0,3.0,0.0,0.0,20.0,0.0,1.0,0.0,24.0,0.0,0.0,0.0,10.0,1.0,6.0,0.0,0.0,0.0,0.0,0.0,35.0,0.0,0.0,25955.0,0.0,2.2424999999999997
Mikael Granlund,Vasili's POD SQUAD,39,58.050000000000004,2.0,16.0,7260.08333333,10.0,0.0,149.0,130.0,3.0,0.0,0.0,19.0,0.0,1.0,0.0,15.0,0.0,0.0,0.0,9.0,1.0,5.0,0.0,0.0,0.0,0.0,0.0,32.0,0.0,0.0,22909.0,0.0,3.055263157894737
Mike Hoffman,Lausanne  Automatons ,132,71.9,-17.0,8.0,12769.74999999,12.0,0.0,2.0,6.0,8.0,0.0,0.0,34.0,0.0,2.0,0.0,11.0,0.0,0.0,0.0,12.0,2.0,8.0,0.0,0.0,0.0,0.0,0.0,79.0,0.0,0.0,35611.0,0.0,2.114705882352941
Mike Smith,Team Hector,3,20.4,0.0,0.0,0.0,0.0,0.0,0.0,0.0,0.0,8.0,9.64532189,0.0,3.0,0.0,0.0,0.0,0.0,9364.0,0.0,0.0,0.0,0.0,100.0,0.0,0.0,0.0,0.0,0.0,92.0,1.68627451,0.0,2.0,inf
Mikhail Sergachev,Brown Shoes w/ a Black Belt?,171,100.85000000000001,8.0,24.0,24690.08333334,75.0,26.0,0.0,0.0,2.0,0.0,0.0,47.0,0.0,0.0,0.0,75.0,0.0,0.0,0.0,25.0,0.0,5.0,0.0,1.0,0.0,1.0,0.0,84.0,0.0,0.0,64201.0,0.0,2.145744680851064
Mikko Koskinen,Baltimore Bandits,108,72.0,0.0,0.0,0.0,0.0,0.0,0.0,0.0,0.0,60.0,42.11544204,0.0,18.0,0.0,0.0,0.0,6.0,64629.0,2.0,0.0,0.0,0.0,570.0,0.0,0.0,0.0,0.0,0.0,510.0,10.6516877,0.0,10.0,inf
Mikko Koskinen,Vasili's POD SQUAD,2,9.4,0.0,0.0,0.0,0.0,0.0,0.0,0.0,0.0,1.0,1.0,0.0,1.0,0.0,0.0,0.0,0.0,3600.0,0.0,0.0,0.0,0.0,28.0,0.0,0.0,0.0,0.0,0.0,27.0,0.96428571,0.0,1.0,inf
Mikko Rantanen,THE FirePucks,171,242.79999999999998,34.0,39.0,22478.41666666,22.0,0.0,122.0,105.0,26.0,0.0,0.0,50.0,0.0,0.0,1.0,40.0,0.0,0.0,0.0,44.0,11.0,22.0,0.0,0.0,0.0,0.0,0.0,176.0,0.0,0.0,62483.0,0.0,4.856
Miro Heiskanen,Esther Island Esthers,171,106.35000000000001,-5.0,24.0,26682.41666667,63.0,28.0,0.0,0.0,4.0,0.0,0.0,49.0,0.0,1.0,0.0,35.0,0.0,0.0,0.0,20.0,2.0,8.0,0.0,0.0,0.0,0.0,0.0,110.0,0.0,0.0,72698.0,0.0,2.1704081632653063
Mitchell Marner,Esther Island Esthers,168,204.15000000000003,19.0,37.0,19941.21666667,23.0,0.0,5.0,4.0,21.0,0.0,0.0,43.0,0.0,4.0,1.0,23.0,0.0,0.0,0.0,10.0,4.0,13.0,0.0,1.0,2.0,3.0,0.0,134.0,0.0,0.0,53431.0,0.0,4.747674418604652
Morgan Rielly,That Hoser Over There,210,158.7,13.0,39.0,29016.516666659998,53.0,45.0,0.0,0.0,6.0,0.0,0.0,54.0,0.0,3.0,0.0,51.0,0.0,0.0,0.0,28.0,2.0,15.0,0.0,2.0,0.0,2.0,0.0,143.0,0.0,0.0,78498.0,0.0,2.9388888888888887
Moritz Seider,Lausanne  Automatons ,10,0.65,-2.0,0.0,1215.0,1.0,0.0,0.0,0.0,0.0,0.0,0.0,1.0,0.0,0.0,0.0,1.0,0.0,0.0,0.0,0.0,0.0,0.0,0.0,0.0,0.0,0.0,0.0,2.0,0.0,0.0,1215.0,0.0,0.65
Nate Schmidt,Brown Shoes w/ a Black Belt?,84,26.950000000000003,-11.0,7.0,9790.25,19.0,7.0,0.0,0.0,0.0,0.0,0.0,19.0,0.0,0.0,0.0,10.0,0.0,0.0,0.0,6.0,0.0,3.0,0.0,0.0,0.0,0.0,0.0,31.0,0.0,0.0,23209.0,0.0,1.418421052631579
Nathan MacKinnon,That Hoser Over There,136,183.65,10.0,35.0,16470.91666666,28.0,0.0,232.0,192.0,15.0,0.0,0.0,37.0,0.0,3.0,0.0,34.0,0.0,0.0,0.0,14.0,4.0,17.0,0.0,0.0,0.0,0.0,0.0,173.0,0.0,0.0,46962.0,0.0,4.963513513513513
Nazem Kadri,IR Tony,171,205.69999999999996,16.0,38.0,20344.66666667,10.0,0.0,384.0,374.0,20.0,0.0,0.0,46.0,0.0,6.0,0.0,32.0,0.0,0.0,0.0,47.0,6.0,18.0,0.0,0.0,0.0,0.0,0.0,166.0,0.0,0.0,53275.0,0.0,4.4717391304347816
Neal Pionk,IR Tony,145,97.75,5.0,20.0,21423.33333333,58.0,22.0,0.0,0.0,2.0,0.0,0.0,44.0,0.0,1.0,0.0,111.0,0.0,0.0,0.0,26.0,1.0,8.0,0.0,0.0,0.0,0.0,0.0,90.0,0.0,0.0,59135.0,0.0,2.221590909090909
Nick Ritchie,Lausanne  Automatons ,45,39.75000000000001,-4.0,7.0,6669.33333333,12.0,0.0,3.0,0.0,1.0,0.0,0.0,29.0,0.0,0.0,0.0,65.0,0.0,0.0,0.0,19.0,0.0,3.0,0.0,0.0,0.0,0.0,0.0,44.0,0.0,0.0,21569.0,0.0,1.3706896551724141
Nick Schmaltz,Lausanne  Automatons ,132,75.7,-3.0,12.0,12306.1,6.0,0.0,59.0,53.0,10.0,0.0,0.0,29.0,0.0,2.0,0.0,7.0,0.0,0.0,0.0,2.0,1.0,3.0,0.0,0.0,0.0,0.0,0.0,43.0,0.0,0.0,29367.0,0.0,2.610344827586207
Nick Suzuki,Brown Shoes w/ a Black Belt?,159,136.35000000000002,-17.0,22.0,20689.24999999,41.0,0.0,461.0,451.0,11.0,0.0,0.0,53.0,0.0,3.0,0.0,63.0,0.0,0.0,0.0,20.0,4.0,11.0,0.0,1.0,1.0,2.0,0.0,118.0,0.0,0.0,64150.0,0.0,2.5726415094339625
Nicklas Backstrom,Lausanne  Automatons ,153,56.05,-5.0,12.0,10464.03333333,7.0,0.0,175.0,147.0,4.0,0.0,0.0,22.0,0.0,1.0,0.0,11.0,0.0,0.0,0.0,6.0,1.0,7.0,0.0,0.0,0.0,0.0,0.0,40.0,0.0,0.0,23371.0,0.0,2.5477272727272724
Nico Hischier,That Hoser Over There,200,138.6,-6.0,22.0,21263.25,31.0,0.0,383.0,459.0,14.0,0.0,0.0,45.0,0.0,1.0,0.0,33.0,0.0,0.0,0.0,19.0,4.0,11.0,0.0,1.0,0.0,1.0,0.0,103.0,0.0,0.0,50266.0,0.0,3.08
Nikita Kucherov,That Hoser Over There,91,89.55000000000001,1.0,15.0,8350.66666667,3.0,0.0,0.0,1.0,9.0,0.0,0.0,16.0,0.0,0.0,1.0,10.0,0.0,0.0,0.0,6.0,4.0,10.0,0.0,0.0,0.0,0.0,0.0,63.0,0.0,0.0,19274.0,0.0,5.596875000000001
Nikolaj Ehlers,Team Ginsberg,92,104.44999999999999,8.0,12.0,14346.33333334,14.0,0.0,1.0,1.0,13.0,0.0,0.0,34.0,0.0,1.0,0.0,17.0,0.0,0.0,0.0,14.0,0.0,3.0,0.0,0.0,0.0,0.0,0.0,134.0,0.0,0.0,37914.0,0.0,3.0720588235294115
Nino Niederreiter,IR Tony,144,39.2,6.0,5.0,6170.25,1.0,0.0,5.0,4.0,5.0,0.0,0.0,19.0,0.0,0.0,0.0,31.0,0.0,0.0,0.0,12.0,0.0,0.0,0.0,0.0,0.0,0.0,0.0,29.0,0.0,0.0,16955.0,0.0,2.0631578947368423
Nino Niederreiter,Vasili's POD SQUAD,6,17.65,4.0,0.0,2621.5,3.0,0.0,6.0,3.0,3.0,0.0,0.0,7.0,0.0,1.0,0.0,9.0,0.0,0.0,0.0,2.0,1.0,1.0,0.0,0.0,0.0,0.0,0.0,18.0,0.0,0.0,6129.0,0.0,2.5214285714285714
Noah Dobson,That Hoser Over There,93,54.7,-1.0,8.0,8052.96666667,40.0,12.0,0.0,0.0,4.0,0.0,0.0,21.0,0.0,2.0,0.0,16.0,0.0,0.0,0.0,2.0,1.0,3.0,0.0,0.0,0.0,0.0,0.0,62.0,0.0,0.0,28022.0,0.0,2.604761904761905
Oliver Bjorkstrand,Esther Island Esthers,160,149.1,-25.0,19.0,18445.5,19.0,0.0,10.0,7.0,17.0,0.0,0.0,51.0,0.0,1.0,0.0,57.0,0.0,0.0,0.0,6.0,5.0,12.0,0.0,0.0,0.0,0.0,0.0,125.0,0.0,0.0,54903.0,0.0,2.9235294117647057
Oliver Ekman-Larsson,Baltimore Bandits,159,78.95,-1.0,11.0,22742.03333334,44.0,15.0,0.0,0.0,4.0,0.0,0.0,48.0,0.0,0.0,0.0,67.0,0.0,0.0,0.0,34.0,2.0,5.0,0.0,0.0,0.0,0.0,0.0,114.0,0.0,0.0,65184.0,0.0,1.6447916666666667
Oliver Wahlstrom,Esther Island Esthers,2,0.3,0.0,0.0,804.0,0.0,0.0,0.0,0.0,0.0,0.0,0.0,1.0,0.0,0.0,0.0,1.0,0.0,0.0,0.0,2.0,0.0,0.0,0.0,0.0,0.0,0.0,0.0,1.0,0.0,0.0,804.0,0.0,0.3
Oliver Wahlstrom,Vasili's POD SQUAD,37,11.749999999999998,-1.0,0.0,4120.08333333,2.0,0.0,2.0,1.0,1.0,0.0,0.0,11.0,0.0,0.0,0.0,23.0,0.0,0.0,0.0,6.0,0.0,0.0,0.0,0.0,0.0,0.0,0.0,26.0,0.0,0.0,9040.0,0.0,1.0681818181818181
Ondrej Kase,That Hoser Over There,11,3.6,0.0,1.0,900.0,0.0,0.0,1.0,0.0,0.0,0.0,0.0,1.0,0.0,0.0,0.0,0.0,0.0,0.0,0.0,0.0,0.0,1.0,0.0,0.0,0.0,0.0,0.0,4.0,0.0,0.0,900.0,0.0,3.6
Ondrej Palat,Brown Shoes w/ a Black Belt?,157,131.79999999999998,12.0,18.0,17333.33333334,28.0,0.0,7.0,1.0,15.0,0.0,0.0,45.0,0.0,5.0,0.0,79.0,0.0,0.0,0.0,14.0,1.0,5.0,0.0,0.0,0.0,0.0,0.0,89.0,0.0,0.0,46941.0,0.0,2.9288888888888884
Patric Hornqvist,Baltimore Bandits,1,0.6,0.0,0.0,588.0,0.0,0.0,0.0,0.0,0.0,0.0,0.0,1.0,0.0,0.0,0.0,2.0,0.0,0.0,0.0,0.0,0.0,0.0,0.0,0.0,0.0,0.0,0.0,2.0,0.0,0.0,588.0,0.0,0.6
Patrice Bergeron,Team Hector,210,173.8,17.0,27.0,21894.83333334,32.0,0.0,411.0,685.0,14.0,0.0,0.0,48.0,0.0,3.0,1.0,57.0,0.0,0.0,0.0,24.0,7.0,18.0,0.0,2.0,0.0,2.0,0.0,179.0,0.0,0.0,53123.0,0.0,3.6208333333333336
Patrick Kane,Vasili's POD SQUAD,168,195.90000000000003,-21.0,37.0,21981.50000001,16.0,0.0,3.0,4.0,16.0,0.0,0.0,50.0,0.0,2.0,2.0,8.0,0.0,0.0,0.0,10.0,6.0,21.0,0.0,0.0,0.0,0.0,0.0,190.0,0.0,0.0,64606.0,0.0,3.9180000000000006
Patrik Laine,Team Ginsberg,126,141.14999999999998,1.0,17.0,13062.33333333,13.0,0.0,12.0,5.0,19.0,0.0,0.0,34.0,0.0,6.0,1.0,23.0,0.0,0.0,0.0,12.0,3.0,9.0,0.0,0.0,0.0,0.0,0.0,94.0,0.0,0.0,37313.0,0.0,4.151470588235293
Pavel Buchnevich,IR Tony,171,173.15,20.0,27.0,18887.58333334,7.0,0.0,21.0,11.0,19.0,0.0,0.0,46.0,0.0,3.0,0.0,32.0,0.0,0.0,0.0,36.0,5.0,14.0,0.0,2.0,1.0,3.0,0.0,133.0,0.0,0.0,49699.0,0.0,3.764130434782609
Pavel Francouz,That Hoser Over There,77,60.800000000000004,0.0,0.0,0.0,0.0,0.0,0.0,0.0,0.0,15.0,10.38972398,0.0,7.0,0.0,0.0,0.0,1.0,25343.0,0.0,0.0,0.0,0.0,209.0,0.0,0.0,0.0,2.0,0.0,194.0,4.58765407,0.0,6.0,inf
Pavel Zacha,That Hoser Over There,52,45.60000000000001,-11.0,5.0,8479.08333333,6.0,0.0,48.0,35.0,5.0,0.0,0.0,22.0,0.0,0.0,0.0,26.0,0.0,0.0,0.0,6.0,1.0,3.0,0.0,0.0,0.0,0.0,0.0,50.0,0.0,0.0,23575.0,0.0,2.072727272727273
Petr Mrazek,Brown Shoes w/ a Black Belt?,1,-1.4,0.0,0.0,0.0,0.0,0.0,0.0,0.0,0.0,3.0,4.5,0.0,1.0,0.0,0.0,0.0,1.0,2400.0,0.0,0.0,0.0,0.0,26.0,0.0,0.0,0.0,0.0,0.0,23.0,0.88461538,0.0,0.0,-inf
Petr Mrazek,That Hoser Over There,13,-1.8,0.0,0.0,0.0,0.0,0.0,0.0,0.0,0.0,2.0,2.08998549,0.0,1.0,0.0,0.0,0.0,1.0,3445.0,0.0,0.0,0.0,0.0,18.0,0.0,0.0,0.0,0.0,0.0,16.0,0.88888889,0.0,0.0,-inf
Petr Mrazek,Vasili's POD SQUAD,18,-4.2,0.0,0.0,0.0,0.0,0.0,0.0,0.0,0.0,5.0,5.0,0.0,1.0,0.0,0.0,0.0,1.0,3600.0,0.0,0.0,0.0,0.0,24.0,0.0,0.0,0.0,0.0,0.0,19.0,0.79166667,0.0,0.0,-inf
Peyton Krebs,Vasili's POD SQUAD,80,31.05,-6.0,6.0,4724.75,0.0,0.0,36.0,23.0,3.0,0.0,0.0,17.0,0.0,2.0,0.0,8.0,0.0,0.0,0.0,14.0,0.0,3.0,0.0,0.0,0.0,0.0,0.0,19.0,0.0,0.0,15971.0,0.0,1.826470588235294
Phil Kessel,Team Hector,139,77.00000000000001,-8.0,21.0,14385.16666666,14.0,0.0,3.0,1.0,3.0,0.0,0.0,40.0,0.0,0.0,0.0,4.0,0.0,0.0,0.0,14.0,1.0,7.0,0.0,0.0,0.0,0.0,0.0,84.0,0.0,0.0,40795.0,0.0,1.9250000000000003
Philipp Grubauer,That Hoser Over There,78,34.4,0.0,0.0,0.0,0.0,0.0,0.0,0.0,0.0,60.0,44.928771960000006,0.0,18.0,0.0,0.0,0.0,7.0,61674.0,4.0,0.0,0.0,0.0,482.0,0.0,0.0,0.0,0.0,0.0,422.0,9.516852389999999,0.0,7.0,inf
Philipp Grubauer,Vasili's POD SQUAD,33,5.6,0.0,0.0,0.0,0.0,0.0,0.0,0.0,0.0,10.0,6.864972229999999,0.0,4.0,0.0,0.0,0.0,3.0,11836.0,0.0,0.0,0.0,0.0,83.0,0.0,0.0,0.0,1.0,0.0,73.0,1.752331,0.0,1.0,inf
Philipp Kurashev,Baltimore Bandits,2,0.65,-2.0,0.0,881.0,1.0,0.0,1.0,0.0,0.0,0.0,0.0,1.0,0.0,0.0,0.0,1.0,0.0,0.0,0.0,0.0,0.0,0.0,0.0,0.0,0.0,0.0,0.0,2.0,0.0,0.0,881.0,0.0,0.65
Phillip Danault,Brown Shoes w/ a Black Belt?,3,5.1000000000000005,0.0,0.0,2210.0,1.0,0.0,24.0,25.0,1.0,0.0,0.0,3.0,0.0,1.0,0.0,3.0,0.0,0.0,0.0,0.0,0.0,0.0,0.0,0.0,0.0,0.0,0.0,3.0,0.0,0.0,3217.0,0.0,1.7000000000000002
Pierre-Luc Dubois,Team Ginsberg,171,160.84999999999997,1.0,19.0,20156.66666668,24.0,0.0,367.0,315.0,19.0,0.0,0.0,50.0,0.0,3.0,0.0,68.0,0.0,0.0,0.0,68.0,9.0,11.0,0.0,0.0,0.0,0.0,0.0,139.0,0.0,0.0,56401.0,0.0,3.216999999999999
Quinn Hughes,Esther Island Esthers,198,132.55,7.0,36.0,28519.99999999,33.0,40.0,0.0,0.0,4.0,0.0,0.0,50.0,0.0,0.0,0.0,10.0,0.0,0.0,0.0,20.0,0.0,20.0,0.0,1.0,0.0,1.0,0.0,103.0,0.0,0.0,75321.0,0.0,2.6510000000000002
Quinton Byfield,Brown Shoes w/ a Black Belt?,119,9.650000000000002,-1.0,1.0,4819.66666667,1.0,0.0,59.0,54.0,1.0,0.0,0.0,14.0,0.0,1.0,0.0,5.0,0.0,0.0,0.0,8.0,0.0,0.0,0.0,0.0,0.0,0.0,0.0,18.0,0.0,0.0,9330.0,0.0,0.6892857142857144
Radek Faksa,That Hoser Over There,5,0.7,-3.0,0.0,1720.0,2.0,0.0,5.0,6.0,0.0,0.0,0.0,2.0,0.0,0.0,0.0,2.0,0.0,0.0,0.0,2.0,0.0,0.0,0.0,0.0,0.0,0.0,0.0,0.0,0.0,0.0,1720.0,0.0,0.35
Rasmus Andersson,Baltimore Bandits,161,107.95,13.0,27.0,22795.76666667,81.0,29.0,0.0,0.0,2.0,0.0,0.0,51.0,0.0,0.0,0.0,28.0,0.0,0.0,0.0,14.0,1.0,10.0,0.0,1.0,0.0,1.0,0.0,97.0,0.0,0.0,68392.0,0.0,2.1166666666666667
Rasmus Asplund,Vasili's POD SQUAD,4,10.8,0.0,4.0,1146.0,3.0,0.0,5.0,4.0,0.0,0.0,0.0,3.0,0.0,0.0,0.0,1.0,0.0,0.0,0.0,0.0,0.0,1.0,0.0,0.0,0.0,0.0,0.0,7.0,0.0,0.0,3438.0,0.0,3.6
Rasmus Dahlin,THE FirePucks,171,136.65,-16.0,26.0,25980.58333334,61.0,34.0,0.0,0.0,8.0,0.0,0.0,52.0,0.0,1.0,0.0,67.0,0.0,0.0,0.0,46.0,2.0,13.0,0.0,0.0,0.0,0.0,0.0,116.0,0.0,0.0,74503.0,0.0,2.6278846153846156
Rasmus Ristolainen,Lausanne  Automatons ,54,42.9,-8.0,6.0,11358.16666666,43.0,7.0,0.0,0.0,1.0,0.0,0.0,25.0,0.0,0.0,0.0,85.0,0.0,0.0,0.0,12.0,0.0,0.0,0.0,0.0,0.0,0.0,0.0,37.0,0.0,0.0,31708.0,0.0,1.716
Reilly Smith,Esther Island Esthers,1,3.1,0.0,1.0,1110.0,1.0,0.0,0.0,0.0,0.0,0.0,0.0,1.0,0.0,0.0,0.0,2.0,0.0,0.0,0.0,0.0,0.0,0.0,0.0,0.0,0.0,0.0,0.0,4.0,0.0,0.0,1110.0,0.0,3.1
Reilly Smith,Lausanne  Automatons ,156,91.5,3.0,14.0,13679.33333333,12.0,0.0,3.0,4.0,9.0,0.0,0.0,34.0,0.0,0.0,0.0,30.0,0.0,0.0,0.0,2.0,2.0,5.0,0.0,2.0,1.0,3.0,0.0,84.0,0.0,0.0,35626.0,0.0,2.6911764705882355
Reilly Smith,Vasili's POD SQUAD,2,2.35,0.0,1.0,1137.0,1.0,0.0,0.0,0.0,0.0,0.0,0.0,1.0,0.0,0.0,0.0,0.0,0.0,0.0,0.0,0.0,0.0,0.0,0.0,0.0,0.0,0.0,0.0,1.0,0.0,0.0,1137.0,0.0,2.35
Rickard Rakell,Baltimore Bandits,6,24.45,-2.0,0.0,3215.75,6.0,0.0,0.0,1.0,4.0,0.0,0.0,8.0,0.0,0.0,0.0,6.0,0.0,0.0,0.0,2.0,2.0,2.0,0.0,0.0,0.0,0.0,0.0,29.0,0.0,0.0,8859.0,0.0,3.05625
Rickard Rakell,That Hoser Over There,34,18.849999999999998,2.0,2.0,4425.2,8.0,0.0,13.0,15.0,2.0,0.0,0.0,10.0,0.0,0.0,0.0,7.0,0.0,0.0,0.0,0.0,0.0,0.0,0.0,0.0,0.0,0.0,0.0,28.0,0.0,0.0,11392.0,0.0,1.8849999999999998
Robby Fabbri,Vasili's POD SQUAD,74,6.3999999999999995,-4.0,0.0,2408.0,1.0,0.0,0.0,0.0,1.0,0.0,0.0,3.0,0.0,0.0,0.0,4.0,0.0,0.0,0.0,4.0,1.0,1.0,0.0,0.0,0.0,0.0,0.0,4.0,0.0,0.0,3421.0,0.0,2.1333333333333333
Robert Thomas,Team Ginsberg,151,118.10000000000001,7.0,33.0,17082.0,14.0,0.0,335.0,334.0,7.0,0.0,0.0,43.0,0.0,2.0,0.0,11.0,0.0,0.0,0.0,12.0,0.0,7.0,0.0,1.0,1.0,2.0,0.0,71.0,0.0,0.0,49168.0,0.0,2.746511627906977
Robin Lehner,IR Tony,21,62.6,0.0,0.0,0.0,0.0,0.0,0.0,0.0,0.0,33.0,18.0518412,0.0,12.0,0.0,0.0,0.0,5.0,41794.0,0.0,0.0,0.0,0.0,411.0,0.0,0.0,0.0,0.0,0.0,378.0,5.506049729999999,0.0,7.0,inf
Robin Lehner,Team Hector,110,88.20000000000002,0.0,0.0,0.0,0.0,0.0,0.0,0.0,0.0,58.0,29.096220870000003,0.0,21.0,0.0,0.0,0.0,7.0,74103.0,1.0,0.0,0.0,0.0,574.0,0.0,0.0,0.0,1.0,0.0,516.0,8.903930999999998,0.0,12.0,inf
Roman Josi,Lausanne  Automatons ,171,205.2,7.0,39.0,27232.58333332,79.0,53.0,0.0,0.0,14.0,0.0,0.0,51.0,0.0,1.0,0.0,38.0,0.0,0.0,0.0,32.0,7.0,23.0,0.0,0.0,0.0,0.0,0.0,178.0,0.0,0.0,77320.0,0.0,4.023529411764706
Roope Hintz,Vasili's POD SQUAD,171,169.8,16.0,20.0,19242.41666667,29.0,0.0,194.0,188.0,20.0,0.0,0.0,48.0,0.0,4.0,1.0,44.0,0.0,0.0,0.0,10.0,4.0,14.0,0.0,1.0,0.0,1.0,0.0,136.0,0.0,0.0,51727.0,0.0,3.5375
Ryan Ellis,Lausanne  Automatons ,3,12.55,3.0,3.0,3024.0,4.0,4.0,0.0,0.0,1.0,0.0,0.0,3.0,0.0,0.0,0.0,1.0,0.0,0.0,0.0,0.0,0.0,1.0,0.0,0.0,0.0,0.0,0.0,4.0,0.0,0.0,4348.0,0.0,4.183333333333334
Ryan Getzlaf,That Hoser Over There,13,6.9,1.0,2.0,2448.1666666700003,4.0,0.0,52.0,65.0,0.0,0.0,0.0,5.0,0.0,0.0,0.0,7.0,0.0,0.0,0.0,2.0,0.0,0.0,0.0,0.0,0.0,0.0,0.0,7.0,0.0,0.0,6060.0,0.0,1.3800000000000001
Ryan Getzlaf,Vasili's POD SQUAD,75,17.25,-8.0,3.0,6773.0,6.0,0.0,82.0,85.0,1.0,0.0,0.0,9.0,0.0,0.0,0.0,16.0,0.0,0.0,0.0,13.0,1.0,2.0,0.0,0.0,0.0,0.0,0.0,11.0,0.0,0.0,9788.0,0.0,1.9166666666666667
Ryan Hartman,Brown Shoes w/ a Black Belt?,18,3.1,-4.0,1.0,1002.33333333,1.0,0.0,33.0,12.0,0.0,0.0,0.0,3.0,0.0,0.0,0.0,1.0,0.0,0.0,0.0,4.0,0.0,0.0,0.0,0.0,0.0,0.0,0.0,5.0,0.0,0.0,3007.0,0.0,1.0333333333333334
Ryan Hartman,Team Ginsberg,138,96.79999999999998,19.0,12.0,14244.41666667,21.0,0.0,255.0,202.0,12.0,0.0,0.0,32.0,0.0,3.0,0.0,28.0,0.0,0.0,0.0,44.0,0.0,2.0,0.0,0.0,0.0,0.0,0.0,96.0,0.0,0.0,37333.0,0.0,3.0249999999999995
Ryan Johansen,IR Tony,158,92.45,-1.0,15.0,14737.83333334,20.0,0.0,297.0,342.0,9.0,0.0,0.0,39.0,0.0,2.0,0.0,26.0,0.0,0.0,0.0,35.0,2.0,10.0,0.0,0.0,0.0,0.0,0.0,57.0,0.0,0.0,37999.0,0.0,2.3705128205128205
Ryan Nugent-Hopkins,Lausanne  Automatons ,117,122.55000000000001,0.0,27.0,16480.716666660002,22.0,0.0,144.0,97.0,6.0,0.0,0.0,42.0,0.0,1.0,0.0,32.0,0.0,0.0,0.0,8.0,0.0,16.0,0.0,2.0,1.0,3.0,0.0,109.0,0.0,0.0,49993.0,0.0,2.917857142857143
Ryan O'Reilly,Vasili's POD SQUAD,171,119.45,5.0,22.0,20867.50000001,25.0,0.0,464.0,560.0,11.0,0.0,0.0,48.0,0.0,0.0,0.0,15.0,0.0,0.0,0.0,4.0,5.0,8.0,0.0,0.0,0.0,0.0,0.0,108.0,0.0,0.0,55617.0,0.0,2.488541666666667
Ryan Pulock,Brown Shoes w/ a Black Belt?,21,18.4,-2.0,2.0,7529.33333333,34.0,2.0,0.0,0.0,0.0,0.0,0.0,12.0,0.0,0.0,0.0,25.0,0.0,0.0,0.0,0.0,0.0,1.0,0.0,0.0,0.0,0.0,0.0,19.0,0.0,0.0,15200.0,0.0,1.5333333333333332
Ryan Strome,Esther Island Esthers,18,4.45,-1.0,0.0,1016.0,0.0,0.0,6.0,6.0,1.0,0.0,0.0,1.0,0.0,0.0,0.0,0.0,0.0,0.0,0.0,0.0,0.0,0.0,0.0,0.0,0.0,0.0,0.0,3.0,0.0,0.0,1016.0,0.0,4.45
Ryan Strome,IR Tony,151,120.19999999999997,1.0,25.0,17699.25,14.0,0.0,297.0,245.0,10.0,0.0,0.0,44.0,0.0,4.0,0.0,25.0,0.0,0.0,0.0,51.0,2.0,10.0,0.0,0.0,0.0,0.0,0.0,91.0,0.0,0.0,48661.0,0.0,2.731818181818181
Ryan Suter,Esther Island Esthers,6,12.55,-2.0,3.0,4226.0,13.0,3.0,0.0,0.0,0.0,0.0,0.0,7.0,0.0,0.0,0.0,4.0,0.0,0.0,0.0,6.0,0.0,2.0,0.0,0.0,0.0,0.0,0.0,9.0,0.0,0.0,9853.0,0.0,1.792857142857143
Sam Bennett,That Hoser Over There,154,138.9,13.0,9.0,15365.66666666,16.0,0.0,293.0,259.0,19.0,0.0,0.0,40.0,0.0,5.0,1.0,79.0,0.0,0.0,0.0,41.0,5.0,6.0,0.0,1.0,0.0,1.0,0.0,139.0,0.0,0.0,41221.0,0.0,3.4725
Sam Reinhart,Team Hector,154,161.3,23.0,30.0,16732.74999999,14.0,0.0,103.0,102.0,16.0,0.0,0.0,41.0,0.0,3.0,1.0,29.0,0.0,0.0,0.0,11.0,6.0,11.0,0.0,2.0,0.0,2.0,0.0,101.0,0.0,0.0,42991.0,0.0,3.934146341463415
Samuel Girard,That Hoser Over There,3,4.3,-4.0,1.0,2573.3333333299997,7.0,1.0,0.0,0.0,0.0,0.0,0.0,4.0,0.0,0.0,0.0,3.0,0.0,0.0,0.0,2.0,0.0,0.0,0.0,0.0,0.0,0.0,0.0,3.0,0.0,0.0,4982.0,0.0,1.075
Scott Laughton,Lausanne  Automatons ,160,106.75,-6.0,14.0,16911.91666667,37.0,0.0,286.0,282.0,10.0,0.0,0.0,48.0,0.0,1.0,0.0,103.0,0.0,0.0,0.0,25.0,0.0,1.0,0.0,0.0,2.0,2.0,0.0,86.0,0.0,0.0,47650.0,0.0,2.2239583333333335
Scott Perunovich,THE FirePucks,6,0.35,-2.0,0.0,1084.0,1.0,0.0,0.0,0.0,0.0,0.0,0.0,1.0,0.0,0.0,0.0,1.0,0.0,0.0,0.0,0.0,0.0,0.0,0.0,0.0,0.0,0.0,0.0,0.0,0.0,0.0,1084.0,0.0,0.35
Sean Couturier,Esther Island Esthers,55,62.00000000000001,-6.0,10.0,12390.08333333,16.0,0.0,174.0,206.0,5.0,0.0,0.0,26.0,0.0,2.0,0.0,19.0,0.0,0.0,0.0,10.0,1.0,4.0,0.0,1.0,0.0,1.0,0.0,73.0,0.0,0.0,31981.0,0.0,2.384615384615385
Sean Monahan,IR Tony,41,35.95,-6.0,6.0,6242.66666667,6.0,0.0,110.0,117.0,3.0,0.0,0.0,19.0,0.0,1.0,0.0,16.0,0.0,0.0,0.0,8.0,1.0,4.0,0.0,0.0,0.0,0.0,0.0,29.0,0.0,0.0,16931.0,0.0,1.892105263157895
Sebastian Aho,Lausanne  Automatons ,200,209.54999999999995,12.0,32.0,19460.16666668,19.0,0.0,307.0,334.0,23.0,0.0,0.0,49.0,0.0,5.0,0.0,41.0,0.0,0.0,0.0,26.0,11.0,20.0,0.0,2.0,0.0,2.0,0.0,144.0,0.0,0.0,56291.0,0.0,4.276530612244897
Semyon Varlamov,IR Tony,48,5.6000000000000005,0.0,0.0,0.0,0.0,0.0,0.0,0.0,0.0,17.0,13.949278370000002,0.0,6.0,0.0,0.0,0.0,4.0,21798.0,1.0,0.0,0.0,0.0,170.0,0.0,0.0,0.0,0.0,0.0,153.0,4.47729097,0.0,1.0,inf
Sergei Bobrovsky,Brown Shoes w/ a Black Belt?,153,205.2,0.0,0.0,0.0,0.0,0.0,0.0,0.0,0.0,73.0,40.67833789,0.0,30.0,0.0,0.0,0.0,3.0,103979.0,2.0,0.0,0.0,0.0,919.0,0.0,0.0,0.0,1.0,0.0,846.0,15.702116469999998,0.0,23.0,inf
Sergei Bobrovsky,Team Ginsberg,35,1.4000000000000004,0.0,0.0,0.0,0.0,0.0,0.0,0.0,0.0,11.0,6.76400529,0.0,3.0,0.0,0.0,0.0,2.0,10401.0,0.0,0.0,0.0,0.0,78.0,0.0,0.0,0.0,0.0,0.0,67.0,1.75,0.0,1.0,inf
Seth Jones,Esther Island Esthers,158,139.20000000000002,-24.0,31.0,26587.16666666,104.0,34.0,0.0,0.0,3.0,0.0,0.0,50.0,0.0,0.0,0.0,67.0,0.0,0.0,0.0,24.0,0.0,14.0,0.0,1.0,0.0,1.0,0.0,129.0,0.0,0.0,78280.0,0.0,2.7840000000000003
Shayne Gostisbehere,Brown Shoes w/ a Black Belt?,156,79.69999999999999,-11.0,11.0,18013.86666667,55.0,18.0,0.0,0.0,7.0,0.0,0.0,37.0,0.0,0.0,0.0,25.0,0.0,0.0,0.0,10.0,1.0,4.0,0.0,0.0,0.0,0.0,0.0,73.0,0.0,0.0,50441.0,0.0,2.1540540540540536
Shea Theodore,Baltimore Bandits,18,3.95,-1.0,1.0,1367.5,3.0,1.0,0.0,0.0,0.0,0.0,0.0,2.0,0.0,0.0,0.0,2.0,0.0,0.0,0.0,0.0,0.0,0.0,0.0,0.0,0.0,0.0,0.0,7.0,0.0,0.0,2735.0,0.0,1.975
Shea Theodore,THE FirePucks,140,124.35000000000001,2.0,26.0,22114.41666666,49.0,34.0,0.0,0.0,8.0,0.0,0.0,46.0,0.0,1.0,0.0,19.0,0.0,0.0,0.0,18.0,1.0,10.0,0.0,0.0,0.0,0.0,0.0,118.0,0.0,0.0,64084.0,0.0,2.7032608695652174
Sidney Crosby,Team Hector,156,177.5,18.0,32.0,15423.999999979998,19.0,0.0,400.0,413.0,16.0,0.0,0.0,39.0,0.0,5.0,1.0,34.0,0.0,0.0,0.0,18.0,5.0,20.0,0.0,0.0,0.0,0.0,0.0,124.0,0.0,0.0,46568.0,0.0,4.551282051282051
Sonny Milano,IR Tony,18,0.95,-3.0,0.0,1086.5,1.0,0.0,0.0,0.0,0.0,0.0,0.0,2.0,0.0,0.0,0.0,2.0,0.0,0.0,0.0,0.0,0.0,0.0,0.0,0.0,0.0,0.0,0.0,3.0,0.0,0.0,2173.0,0.0,0.475
Sonny Milano,Vasili's POD SQUAD,70,35.150000000000006,-2.0,8.0,6340.2,6.0,0.0,0.0,0.0,3.0,0.0,0.0,17.0,0.0,1.0,0.0,4.0,0.0,0.0,0.0,0.0,0.0,1.0,0.0,0.0,0.0,0.0,0.0,29.0,0.0,0.0,15781.0,0.0,2.0676470588235296
Spencer Knight,Brown Shoes w/ a Black Belt?,57,32.400000000000006,0.0,0.0,0.0,0.0,0.0,0.0,0.0,0.0,26.0,18.458411889999997,0.0,8.0,0.0,0.0,0.0,3.0,30910.0,1.0,0.0,0.0,0.0,243.0,0.0,0.0,0.0,0.0,0.0,217.0,6.38057541,0.0,5.0,inf
Steven Stamkos,Team Hector,171,220.64999999999998,16.0,34.0,20373.46666666,18.0,0.0,341.0,345.0,25.0,0.0,0.0,50.0,0.0,6.0,0.0,65.0,0.0,0.0,0.0,16.0,8.0,18.0,0.0,0.0,0.0,0.0,0.0,142.0,0.0,0.0,56149.0,0.0,4.412999999999999
Stuart Skinner,Vasili's POD SQUAD,6,8.8,0.0,0.0,0.0,0.0,0.0,0.0,0.0,0.0,2.0,2.00668896,0.0,1.0,0.0,0.0,0.0,0.0,3588.0,0.0,0.0,0.0,0.0,31.0,0.0,0.0,0.0,0.0,0.0,29.0,0.93548387,0.0,1.0,inf
T.J. Oshie,Lausanne  Automatons ,114,52.4,-7.0,7.0,11556.0,11.0,0.0,44.0,39.0,5.0,0.0,0.0,20.0,0.0,1.0,1.0,38.0,0.0,0.0,0.0,6.0,1.0,3.0,0.0,1.0,0.0,1.0,0.0,30.0,0.0,0.0,21302.0,0.0,2.62
Tage Thompson,THE FirePucks,6,1.2,-1.0,0.0,1000.5,0.0,0.0,9.0,12.0,0.0,0.0,0.0,2.0,0.0,0.0,0.0,3.0,0.0,0.0,0.0,0.0,0.0,0.0,0.0,0.0,0.0,0.0,0.0,5.0,0.0,0.0,2001.0,0.0,0.6
Tage Thompson,That Hoser Over There,137,102.65,-11.0,11.0,11818.75,9.0,0.0,219.0,145.0,12.0,0.0,0.0,27.0,0.0,0.0,1.0,25.0,0.0,0.0,0.0,13.0,4.0,10.0,0.0,0.0,1.0,1.0,0.0,94.0,0.0,0.0,28942.0,0.0,3.8018518518518523
Tanner Jeannot,Baltimore Bandits,25,12.149999999999999,2.0,1.0,1797.5,4.0,0.0,0.0,1.0,2.0,0.0,0.0,3.0,0.0,1.0,0.0,6.0,0.0,0.0,0.0,12.0,0.0,0.0,0.0,0.0,0.0,0.0,0.0,3.0,0.0,0.0,2678.0,0.0,4.05
Tanner Jeannot,THE FirePucks,93,46.35,5.0,3.0,5722.6666666599995,8.0,0.0,1.0,0.0,6.0,0.0,0.0,15.0,0.0,0.0,0.0,58.0,0.0,0.0,0.0,30.0,1.0,1.0,0.0,0.0,1.0,1.0,0.0,27.0,0.0,0.0,14114.0,0.0,3.0900000000000003
Taylor Hall,Baltimore Bandits,45,48.4,-4.0,8.0,8415.58333333,11.0,0.0,2.0,1.0,4.0,0.0,0.0,22.0,0.0,0.0,0.0,16.0,0.0,0.0,0.0,10.0,1.0,4.0,0.0,0.0,0.0,0.0,0.0,52.0,0.0,0.0,20850.0,0.0,2.1999999999999997
Taylor Hall,That Hoser Over There,155,91.85000000000002,9.0,19.0,9578.0,16.0,0.0,6.0,8.0,8.0,0.0,0.0,28.0,0.0,1.0,0.0,19.0,0.0,0.0,0.0,14.0,2.0,5.0,0.0,0.0,0.0,0.0,0.0,72.0,0.0,0.0,27443.0,0.0,3.280357142857144
Teuvo Teravainen,Baltimore Bandits,210,166.65000000000003,14.0,28.0,19315.16666667,23.0,0.0,15.0,14.0,15.0,0.0,0.0,47.0,0.0,1.0,0.0,12.0,0.0,0.0,0.0,18.0,7.0,22.0,0.0,0.0,2.0,2.0,0.0,135.0,0.0,0.0,50832.0,0.0,3.5457446808510644
Thatcher Demko,Team Ginsberg,191,183.39999999999995,0.0,0.0,0.0,0.0,0.0,0.0,0.0,0.0,87.0,48.5874294,0.0,34.0,0.0,0.0,0.0,12.0,125892.0,2.0,0.0,0.0,0.0,1104.0,0.0,0.0,0.0,1.0,0.0,1017.0,16.4934144,0.0,20.0,inf
Thomas Chabot,Brown Shoes w/ a Black Belt?,136,117.34999999999998,2.0,22.0,24013.97619048,74.0,27.0,0.0,0.0,5.0,0.0,0.0,46.0,0.0,1.0,0.0,64.0,0.0,0.0,0.0,20.0,0.0,9.0,0.0,0.0,0.0,0.0,0.0,133.0,0.0,0.0,73969.0,0.0,2.551086956521739
Tim Stutzle,THE FirePucks,153,122.55,-18.0,15.0,17138.77380952,29.0,0.0,139.0,77.0,12.0,0.0,0.0,50.0,0.0,3.0,0.0,79.0,0.0,0.0,0.0,27.0,3.0,11.0,0.0,0.0,0.0,0.0,0.0,106.0,0.0,0.0,54168.0,0.0,2.451
Timo Meier,Brown Shoes w/ a Black Belt?,167,217.70000000000002,13.0,29.0,19523.66666667,31.0,0.0,11.0,10.0,24.0,0.0,0.0,46.0,0.0,6.0,1.0,88.0,0.0,0.0,0.0,18.0,10.0,12.0,0.0,0.0,0.0,0.0,0.0,202.0,0.0,0.0,53068.0,0.0,4.732608695652174
Tom Wilson,Baltimore Bandits,200,172.10000000000002,4.0,19.0,21660.36666665,31.0,0.0,15.0,18.0,19.0,0.0,0.0,51.0,0.0,4.0,0.0,156.0,0.0,0.0,0.0,68.0,5.0,8.0,0.0,1.0,3.0,4.0,0.0,110.0,0.0,0.0,58810.0,0.0,3.374509803921569
Tomas Hertl,IR Tony,171,180.65,-6.0,20.0,21463.99999999,33.0,0.0,427.0,498.0,22.0,0.0,0.0,53.0,0.0,4.0,2.0,65.0,0.0,0.0,0.0,14.0,3.0,11.0,0.0,0.0,0.0,0.0,0.0,142.0,0.0,0.0,62897.0,0.0,3.408490566037736
Tony DeAngelo,IR Tony,153,132.75,18.0,29.0,17232.16666667,39.0,38.0,0.0,0.0,9.0,0.0,0.0,41.0,0.0,2.0,0.0,26.0,0.0,0.0,0.0,44.0,1.0,14.0,0.0,0.0,0.0,0.0,0.0,87.0,0.0,0.0,48416.0,0.0,3.2378048780487805
Torey Krug,IR Tony,166,99.95,23.0,21.0,21502.08333334,48.0,26.0,0.0,0.0,5.0,0.0,0.0,45.0,0.0,1.0,0.0,36.0,0.0,0.0,0.0,38.0,2.0,11.0,0.0,0.0,1.0,1.0,0.0,73.0,0.0,0.0,56874.0,0.0,2.221111111111111
Travis Konecny,Esther Island Esthers,148,110.29999999999998,-10.0,21.0,17048.416666690002,21.0,0.0,6.0,5.0,8.0,0.0,0.0,45.0,0.0,1.0,0.0,54.0,0.0,0.0,0.0,16.0,2.0,6.0,0.0,0.0,0.0,0.0,0.0,120.0,0.0,0.0,47868.0,0.0,2.4511111111111106
Trevor Zegras,Brown Shoes w/ a Black Belt?,160,117.45,-13.0,22.0,17293.58333334,12.0,0.0,208.0,129.0,11.0,0.0,0.0,45.0,0.0,3.0,0.0,28.0,0.0,0.0,0.0,38.0,3.0,8.0,0.0,0.0,0.0,0.0,0.0,99.0,0.0,0.0,46427.0,0.0,2.61
Tristan Jarry,Esther Island Esthers,133,164.4,0.0,0.0,0.0,0.0,0.0,0.0,0.0,0.0,83.0,38.488537050000005,0.0,33.0,0.0,0.0,0.0,10.0,121737.0,6.0,0.0,0.0,0.0,1025.0,0.0,0.0,0.0,1.0,0.0,942.0,13.74589242,0.0,18.0,inf
Troy Terry,That Hoser Over There,154,159.55000000000004,-4.0,14.0,15941.216666659999,11.0,0.0,5.0,1.0,25.0,0.0,0.0,45.0,0.0,7.0,1.0,4.0,0.0,0.0,0.0,20.0,6.0,11.0,0.0,0.0,0.0,0.0,0.0,105.0,0.0,0.0,47970.0,0.0,3.5455555555555565
Tuukka Rask,Team Ginsberg,42,5.200000000000001,0.0,0.0,0.0,0.0,0.0,0.0,0.0,0.0,14.0,12.546951700000001,0.0,4.0,0.0,0.0,0.0,2.0,11781.0,0.0,0.0,0.0,0.0,90.0,0.0,0.0,0.0,0.0,0.0,76.0,2.5462963,0.0,2.0,inf
Tyler Bertuzzi,Lausanne  Automatons ,201,174.39999999999998,6.0,21.0,20367.08333333,28.0,0.0,9.0,5.0,23.0,0.0,0.0,45.0,0.0,5.0,1.0,36.0,0.0,0.0,0.0,39.0,4.0,8.0,0.0,1.0,1.0,2.0,0.0,116.0,0.0,0.0,53726.0,0.0,3.875555555555555
Tyler Seguin,IR Tony,171,129.7,-5.0,13.0,19236.41666668,16.0,0.0,210.0,275.0,16.0,0.0,0.0,48.0,0.0,2.0,0.0,57.0,0.0,0.0,0.0,18.0,2.0,8.0,0.0,0.0,0.0,0.0,0.0,133.0,0.0,0.0,51922.0,0.0,2.702083333333333
Tyler Toffoli,Vasili's POD SQUAD,116,126.05000000000001,-8.0,18.0,13216.25,15.0,0.0,9.0,9.0,13.0,0.0,0.0,43.0,0.0,0.0,0.0,52.0,0.0,0.0,0.0,4.0,4.0,9.0,0.0,0.0,1.0,1.0,0.0,115.0,0.0,0.0,43851.0,0.0,2.9313953488372095
Tyson Barrie,Team Ginsberg,156,87.75,-4.0,19.0,20097.63333333,44.0,22.0,0.0,0.0,3.0,0.0,0.0,47.0,0.0,0.0,0.0,19.0,0.0,0.0,0.0,18.0,2.0,12.0,0.0,0.0,0.0,0.0,0.0,94.0,0.0,0.0,54547.0,0.0,1.8670212765957446
Valeri Nichushkin,Baltimore Bandits,96,76.04999999999998,11.0,10.0,8770.16666666,9.0,0.0,5.0,0.0,9.0,0.0,0.0,24.0,0.0,2.0,0.0,40.0,0.0,0.0,0.0,8.0,0.0,0.0,0.0,0.0,1.0,1.0,0.0,75.0,0.0,0.0,26296.0,0.0,3.1687499999999993
Victor Hedman,Team Ginsberg,171,185.59999999999997,17.0,40.0,27549.66666667,75.0,51.0,0.0,0.0,11.0,0.0,0.0,51.0,0.0,4.0,0.0,60.0,0.0,0.0,0.0,24.0,2.0,19.0,0.0,0.0,0.0,0.0,0.0,124.0,0.0,0.0,77938.0,0.0,3.6392156862745093
Victor Olofsson,THE FirePucks,127,69.2,-16.0,16.0,13558.33333334,9.0,0.0,0.0,0.0,5.0,0.0,0.0,37.0,0.0,0.0,0.0,4.0,0.0,0.0,0.0,6.0,1.0,4.0,0.0,0.0,0.0,0.0,0.0,72.0,0.0,0.0,35553.0,0.0,1.8702702702702703
Viktor Arvidsson,THE FirePucks,33,32.2,2.0,2.0,4096.5,8.0,0.0,5.0,2.0,5.0,0.0,0.0,12.0,0.0,0.0,0.0,7.0,0.0,0.0,0.0,8.0,0.0,0.0,0.0,0.0,0.0,0.0,0.0,37.0,0.0,0.0,12251.0,0.0,2.6833333333333336
Viktor Arvidsson,Team Ginsberg,46,31.599999999999998,0.0,4.0,4000.4166666700003,12.0,0.0,1.0,3.0,3.0,0.0,0.0,10.0,0.0,0.0,0.0,5.0,0.0,0.0,0.0,2.0,1.0,2.0,0.0,0.0,0.0,0.0,0.0,43.0,0.0,0.0,10026.0,0.0,3.1599999999999997
Viktor Arvidsson,That Hoser Over There,74,20.349999999999994,-6.0,4.0,4104.0,3.0,0.0,1.0,0.0,2.0,0.0,0.0,8.0,0.0,1.0,0.0,1.0,0.0,0.0,0.0,2.0,0.0,0.0,0.0,0.0,0.0,0.0,0.0,24.0,0.0,0.0,8140.0,0.0,2.5437499999999993
Ville Husso,Baltimore Bandits,18,9.0,0.0,0.0,0.0,0.0,0.0,0.0,0.0,0.0,3.0,3.0,0.0,1.0,0.0,0.0,0.0,0.0,3600.0,0.0,0.0,0.0,0.0,38.0,0.0,0.0,0.0,0.0,0.0,35.0,0.92105263,0.0,1.0,inf
Ville Husso,Vasili's POD SQUAD,18,18.4,0.0,0.0,0.0,0.0,0.0,0.0,0.0,0.0,2.0,2.0,0.0,2.0,0.0,0.0,0.0,0.0,7200.0,0.0,0.0,0.0,0.0,54.0,0.0,0.0,0.0,0.0,0.0,52.0,1.92592592,0.0,2.0,inf
Vince Dunn,THE FirePucks,28,8.4,-6.0,2.0,5481.83333333,4.0,2.0,0.0,0.0,0.0,0.0,0.0,8.0,0.0,0.0,0.0,10.0,0.0,0.0,0.0,5.0,0.0,0.0,0.0,0.0,0.0,0.0,0.0,14.0,0.0,0.0,8942.0,0.0,1.05
Vincent Trocheck,IR Tony,210,145.14999999999998,15.0,21.0,19120.33333334,31.0,0.0,369.0,446.0,14.0,0.0,0.0,51.0,0.0,3.0,0.0,117.0,0.0,0.0,0.0,59.0,5.0,9.0,0.0,0.0,0.0,0.0,0.0,96.0,0.0,0.0,53830.0,0.0,2.8460784313725487
Vitek Vanecek,Baltimore Bandits,17,12.8,0.0,0.0,0.0,0.0,0.0,0.0,0.0,0.0,19.0,17.60437697,0.0,7.0,0.0,0.0,0.0,2.0,21402.0,2.0,0.0,0.0,0.0,168.0,0.0,0.0,0.0,0.0,0.0,149.0,3.45705375,0.0,2.0,inf
Vladimir Tarasenko,Team Hector,28,66.60000000000001,0.0,12.0,7014.16666667,17.0,0.0,1.0,0.0,5.0,0.0,0.0,19.0,0.0,1.0,0.0,17.0,0.0,0.0,0.0,8.0,0.0,5.0,0.0,1.0,0.0,1.0,0.0,71.0,0.0,0.0,19543.0,0.0,3.505263157894737
William Karlsson,Esther Island Esthers,6,10.15,-4.0,1.0,3388.5,5.0,0.0,70.0,67.0,1.0,0.0,0.0,7.0,0.0,0.0,0.0,5.0,0.0,0.0,0.0,0.0,0.0,0.0,0.0,0.0,0.0,0.0,0.0,16.0,0.0,0.0,7944.0,0.0,1.45
William Karlsson,IR Tony,42,23.15,5.0,3.0,4622.5,7.0,0.0,92.0,90.0,3.0,0.0,0.0,10.0,0.0,0.0,0.0,4.0,0.0,0.0,0.0,4.0,0.0,0.0,0.0,0.0,0.0,0.0,0.0,21.0,0.0,0.0,11326.0,0.0,2.315
William Nylander,IR Tony,156,122.60000000000002,-5.0,19.0,14161.483333319999,14.0,0.0,5.0,11.0,13.0,0.0,0.0,35.0,0.0,0.0,0.0,3.0,0.0,0.0,0.0,10.0,3.0,13.0,0.0,0.0,0.0,0.0,0.0,109.0,0.0,0.0,38268.0,0.0,3.5028571428571436
William Nylander,Team Hector,21,58.45,-1.0,9.0,6890.250000010001,0.0,0.0,6.0,3.0,6.0,0.0,0.0,16.0,0.0,3.0,0.0,4.0,0.0,0.0,0.0,0.0,3.0,7.0,0.0,0.0,0.0,0.0,0.0,59.0,0.0,0.0,18336.0,0.0,3.653125
Yanni Gourde,Esther Island Esthers,146,105.8,-10.0,17.0,15575.166666680001,18.0,0.0,271.0,250.0,11.0,0.0,0.0,45.0,0.0,0.0,0.0,55.0,0.0,0.0,0.0,30.0,2.0,4.0,0.0,1.0,0.0,1.0,0.0,73.0,0.0,0.0,50151.0,0.0,2.351111111111111
Yegor Sharangovich,THE FirePucks,30,16.549999999999997,-1.0,3.0,6084.333333319999,6.0,0.0,30.0,18.0,1.0,0.0,0.0,16.0,0.0,0.0,0.0,4.0,0.0,0.0,0.0,2.0,0.0,1.0,0.0,0.0,0.0,0.0,0.0,25.0,0.0,0.0,13673.0,0.0,1.0343749999999998
Yegor Sharangovich,Team Ginsberg,39,12.9,0.0,2.0,1768.0,0.0,0.0,8.0,6.0,2.0,0.0,0.0,2.0,0.0,0.0,0.0,4.0,0.0,0.0,0.0,0.0,0.0,0.0,0.0,0.0,0.0,0.0,0.0,2.0,0.0,0.0,1768.0,0.0,6.45
Zach Hyman,Vasili's POD SQUAD,147,145.04999999999998,-2.0,16.0,18448.53333333,15.0,0.0,32.0,32.0,19.0,0.0,0.0,45.0,0.0,2.0,0.0,50.0,0.0,0.0,0.0,24.0,4.0,6.0,0.0,2.0,1.0,3.0,0.0,117.0,0.0,0.0,52588.0,0.0,3.223333333333333
Zach Werenski,Baltimore Bandits,159,132.1,-11.0,25.0,26553.91666667,65.0,33.0,0.0,0.0,8.0,0.0,0.0,47.0,0.0,2.0,0.0,23.0,0.0,0.0,0.0,16.0,3.0,10.0,0.0,1.0,0.0,1.0,0.0,151.0,0.0,0.0,73393.0,0.0,2.81063829787234
Zach Whitecloud,Esther Island Esthers,7,1.4,3.0,0.0,1100.0,4.0,0.0,0.0,0.0,0.0,0.0,0.0,2.0,0.0,0.0,0.0,2.0,0.0,0.0,0.0,2.0,0.0,0.0,0.0,0.0,0.0,0.0,0.0,2.0,0.0,0.0,2200.0,0.0,0.7
Zack Kassian,Lausanne  Automatons ,122,39.95,-3.0,7.0,9923.08333334,3.0,0.0,3.0,2.0,2.0,0.0,0.0,31.0,0.0,0.0,0.0,72.0,0.0,0.0,0.0,20.0,1.0,1.0,0.0,0.0,0.0,0.0,0.0,37.0,0.0,0.0,23798.0,0.0,1.288709677419355
